transaction_description,amount,date,category
PVR Cinemas,234.63,2022-10-09,Entertainment
Swiggy,1505.06,2022-05-23,Dining
Spotify,658.37,2022-03-31,Entertainment
Apollo Pharmacy,456.47,2022-01-31,Healthcare
Netflix,84.81,2022-08-27,Entertainment
UPI Transfer,84.8,2022-01-28,Others
Google Pay,29.92,2023-10-28,Others
ATM Withdrawal,1005.62,2022-08-14,Others
Unacademy,459.54,2022-10-12,Education
Reliance Fresh,615.63,2023-12-16,Groceries
Practo,10.4,2022-10-12,Healthcare
Mahanagar Gas,1751.78,2022-12-11,Utilities
PVR Cinemas,893.21,2023-01-25,Entertainment
Hotstar,119.34,2022-12-19,Entertainment
Uber,100.34,2023-04-16,Travel
Paytm Recharge,101.31,2023-01-23,Others
Spotify,181.38,2022-10-28,Entertainment
Tata CLiQ,371.96,2022-07-16,Shopping
PVR Cinemas,282.77,2023-11-09,Entertainment
Domino's,172.11,2022-03-23,Dining
Zomato,473.19,2023-01-25,Dining
Air India,75.12,2023-10-13,Travel
Flipkart,172.76,2023-01-15,Shopping
Flipkart,228.14,2023-11-18,Shopping
Uber,304.47,2023-09-16,Travel
Indane Gas,768.97,2022-09-08,Utilities
Water Board,111.37,2023-01-24,Utilities
Indigo Airlines,361.01,2022-08-13,Travel
Amazon,448.75,2022-08-23,Shopping
D-Mart,23.78,2023-02-15,Groceries
Uber,467.67,2022-08-05,Travel
Flipkart,93.48,2023-11-03,Shopping
Vedantu,33.63,2023-10-21,Education
Udemy,1486.84,2022-09-29,Education
Mahanagar Gas,1685.32,2023-07-29,Utilities
PhonePe,826.17,2023-08-22,Others
Fortis Hospital,181.64,2023-02-13,Healthcare
Flipkart,51.39,2022-05-22,Shopping
ATM Withdrawal,576.38,2022-04-04,Others
Big Bazaar,290.05,2022-06-06,Groceries
Water Board,65.08,2023-09-03,Utilities
BookMyShow,341.77,2023-01-26,Entertainment
Unacademy,17.5,2022-09-15,Education
Paytm Recharge,1200.21,2023-11-28,Others
Spotify,149.73,2022-10-01,Entertainment
Amazon,543.13,2022-10-28,Shopping
1mg,186.77,2023-04-10,Healthcare
D-Mart,367.06,2023-05-28,Groceries
Indane Gas,395.61,2022-04-19,Utilities
Indigo Airlines,102.19,2023-09-16,Travel
Swiggy,1746.4,2023-01-18,Dining
Indane Gas,746.12,2023-06-28,Utilities
Nature's Basket,1402.55,2022-11-28,Groceries
Coursera,1126.08,2022-04-25,Education
Myntra,455.53,2022-09-03,Shopping
Reliance Fresh,1274.72,2023-08-04,Groceries
PVR Cinemas,46.33,2023-05-13,Entertainment
Spotify,109.07,2022-05-09,Entertainment
Water Board,23.14,2023-07-17,Utilities
BSNL Bill,196.77,2023-06-25,Utilities
1mg,246.07,2023-07-07,Healthcare
Domino's,158.28,2023-02-13,Dining
Ajio,882.28,2023-06-14,Shopping
Coursera,220.61,2022-09-11,Education
Zomato,164.9,2022-12-13,Dining
Nature's Basket,391.2,2023-07-22,Groceries
Barbeque Nation,75.95,2022-08-14,Dining
Big Bazaar,810.24,2023-12-26,Groceries
Reliance Fresh,38.74,2022-03-11,Groceries
D-Mart,2167.07,2022-03-14,Groceries
Google Pay,739.74,2022-10-13,Others
Udemy,110.77,2023-07-07,Education
Indane Gas,2.77,2023-08-14,Utilities
Udemy,844.95,2023-04-30,Education
1mg,613.55,2022-04-07,Healthcare
BookMyShow,652.83,2022-12-29,Entertainment
MedPlus,737.61,2023-04-24,Healthcare
Big Bazaar,38.46,2022-03-04,Groceries
Practo,221.95,2022-04-22,Healthcare
Swiggy,61.58,2022-07-14,Dining
ATM Withdrawal,994.26,2022-05-24,Others
1mg,488.15,2022-10-13,Healthcare
Udemy,200.91,2022-03-19,Education
Unacademy,32.83,2022-04-11,Education
Nature's Basket,186.24,2022-01-16,Groceries
Netflix,196.66,2022-06-20,Entertainment
MedPlus,653.94,2023-05-08,Healthcare
McDonald's,507.44,2022-03-02,Dining
Water Board,1091.13,2022-01-03,Utilities
Practo,319.53,2023-04-11,Healthcare
Air India,63.69,2023-12-15,Travel
ATM Withdrawal,624.56,2022-06-08,Others
Domino's,715.2,2022-08-11,Dining
Nature's Basket,411.94,2023-07-10,Groceries
D-Mart,736.94,2022-02-28,Groceries
Nature's Basket,340.41,2023-05-04,Groceries
UPI Transfer,369.84,2022-06-11,Others
Nature's Basket,278.91,2022-03-24,Groceries
BESCOM,12.87,2023-09-02,Utilities
Netflix,57.08,2023-02-18,Entertainment
Spotify,15.97,2022-09-10,Entertainment
Nature's Basket,505.86,2022-03-25,Groceries
Fortis Hospital,188.7,2023-08-02,Healthcare
PhonePe,355.22,2022-09-25,Others
Domino's,1190.63,2022-09-02,Dining
Air India,143.37,2022-05-15,Travel
Air India,264.14,2022-11-20,Travel
PVR Cinemas,704.37,2023-04-15,Entertainment
PVR Cinemas,129.9,2023-07-05,Entertainment
Barbeque Nation,40.05,2022-09-29,Dining
BSNL Bill,171.07,2022-03-12,Utilities
Domino's,87.9,2022-10-19,Dining
Water Board,1327.48,2023-07-11,Utilities
Indigo Airlines,825.44,2023-11-01,Travel
Paytm Recharge,501.75,2023-11-15,Others
PhonePe,1025.76,2023-11-11,Others
Netflix,813.98,2022-09-28,Entertainment
PVR Cinemas,103.25,2023-07-21,Entertainment
BSNL Bill,1115.41,2022-10-16,Utilities
Domino's,387.55,2022-07-28,Dining
Indigo Airlines,823.67,2023-05-16,Travel
Uber,1132.12,2022-04-05,Travel
Practo,191.37,2022-02-15,Healthcare
D-Mart,58.3,2022-05-14,Groceries
Ola,129.34,2023-03-29,Travel
ATM Withdrawal,278.53,2023-07-29,Others
Big Bazaar,851.91,2022-03-19,Groceries
Indane Gas,985.67,2022-02-06,Utilities
Tata CLiQ,3.49,2023-07-20,Shopping
Water Board,357.44,2022-05-11,Utilities
D-Mart,270.14,2023-01-09,Groceries
D-Mart,125.58,2022-08-04,Groceries
Zomato,63.84,2022-12-29,Dining
ATM Withdrawal,205.95,2023-09-28,Others
Mahanagar Gas,1431.56,2022-06-16,Utilities
Water Board,195.19,2022-01-26,Utilities
BSNL Bill,365.73,2023-02-26,Utilities
Domino's,607.04,2022-06-13,Dining
BookMyShow,225.99,2022-02-09,Entertainment
Udemy,1783.9,2022-07-24,Education
BYJU'S,1641.0,2022-11-09,Education
Swiggy,145.03,2022-01-25,Dining
McDonald's,343.83,2022-12-03,Dining
Uber,178.97,2022-10-13,Travel
Tata CLiQ,167.62,2023-02-14,Shopping
PhonePe,18.79,2022-01-29,Others
Hotstar,470.25,2022-07-02,Entertainment
Uber,349.26,2022-04-22,Travel
Practo,26.43,2022-11-18,Healthcare
Fortis Hospital,163.31,2023-06-08,Healthcare
BookMyShow,1194.43,2023-08-14,Entertainment
Domino's,136.93,2022-02-15,Dining
Apollo Pharmacy,78.27,2023-06-17,Healthcare
Google Pay,336.14,2023-01-08,Others
Apollo Pharmacy,2122.02,2023-11-12,Healthcare
Tata CLiQ,138.57,2022-11-18,Shopping
Hotstar,557.58,2023-06-04,Entertainment
Air India,716.94,2022-12-01,Travel
Practo,135.67,2023-07-22,Healthcare
Mahanagar Gas,651.37,2023-03-07,Utilities
1mg,229.26,2023-09-23,Healthcare
Air India,500.25,2023-07-16,Travel
D-Mart,501.92,2022-10-21,Groceries
McDonald's,383.69,2023-08-17,Dining
Ajio,47.31,2023-03-29,Shopping
Udemy,901.82,2023-06-08,Education
Udemy,193.41,2023-11-06,Education
Hotstar,103.22,2023-06-12,Entertainment
Amazon,20.81,2022-08-29,Shopping
Ola,446.89,2022-07-23,Travel
BESCOM,565.93,2022-02-17,Utilities
McDonald's,8.36,2023-09-18,Dining
BookMyShow,358.82,2023-03-01,Entertainment
McDonald's,128.41,2023-05-22,Dining
1mg,518.06,2022-06-01,Healthcare
Big Bazaar,95.8,2023-03-12,Groceries
Swiggy,587.11,2023-12-14,Dining
ATM Withdrawal,244.48,2022-02-21,Others
Google Pay,1380.17,2022-05-05,Others
Udemy,73.97,2023-04-21,Education
UPI Transfer,208.57,2023-09-02,Others
Ajio,60.22,2023-09-20,Shopping
ATM Withdrawal,1293.1,2023-07-16,Others
Udemy,1049.17,2023-05-02,Education
BYJU'S,149.16,2022-09-11,Education
Indigo Airlines,539.38,2023-05-12,Travel
Domino's,849.74,2023-03-27,Dining
Hotstar,405.07,2022-08-29,Entertainment
IRCTC,377.14,2022-11-24,Travel
Paytm Recharge,138.44,2022-05-22,Others
Mahanagar Gas,48.86,2023-01-28,Utilities
Mahanagar Gas,1137.56,2022-03-07,Utilities
MedPlus,1153.39,2022-12-05,Healthcare
ATM Withdrawal,501.33,2023-03-02,Others
Reliance Fresh,207.02,2023-03-07,Groceries
Fortis Hospital,214.78,2023-12-14,Healthcare
Nature's Basket,647.23,2023-01-25,Groceries
Coursera,1137.05,2022-12-27,Education
Air India,1090.57,2023-03-06,Travel
UPI Transfer,756.78,2023-09-10,Others
McDonald's,513.66,2022-08-13,Dining
Air India,43.95,2023-05-13,Travel
Spencer's,88.15,2022-12-11,Groceries
1mg,1144.12,2023-04-24,Healthcare
Indane Gas,466.25,2023-07-01,Utilities
Spencer's,4.62,2023-08-30,Groceries
Big Bazaar,53.5,2023-10-21,Groceries
1mg,544.58,2023-04-18,Healthcare
BESCOM,2.54,2022-09-24,Utilities
Practo,87.66,2022-08-05,Healthcare
BYJU'S,397.85,2022-12-12,Education
Practo,588.66,2023-03-08,Healthcare
Uber,527.72,2023-04-27,Travel
Nature's Basket,126.97,2022-02-23,Groceries
Flipkart,622.71,2023-10-28,Shopping
PVR Cinemas,135.41,2022-02-01,Entertainment
Swiggy,196.82,2022-01-21,Dining
Mahanagar Gas,686.18,2022-05-10,Utilities
Coursera,524.39,2023-08-01,Education
McDonald's,945.98,2023-12-18,Dining
IRCTC,535.91,2022-06-21,Travel
Netflix,420.02,2022-11-15,Entertainment
Spotify,49.18,2022-01-27,Entertainment
Indigo Airlines,229.21,2023-11-25,Travel
MedPlus,154.08,2022-07-23,Healthcare
Spotify,139.85,2023-12-09,Entertainment
Zomato,1806.15,2023-12-15,Dining
Indigo Airlines,249.69,2022-05-04,Travel
D-Mart,1113.03,2023-06-30,Groceries
Practo,498.67,2022-03-12,Healthcare
PhonePe,791.91,2022-01-13,Others
MedPlus,349.22,2022-04-19,Healthcare
Practo,430.08,2023-10-13,Healthcare
Udemy,339.15,2023-03-22,Education
Indane Gas,108.61,2023-10-29,Utilities
Indigo Airlines,640.88,2023-07-06,Travel
Vedantu,164.79,2023-03-23,Education
IRCTC,12.31,2022-09-09,Travel
Hotstar,518.48,2023-04-07,Entertainment
McDonald's,97.47,2023-08-07,Dining
Practo,1410.54,2022-01-30,Healthcare
BYJU'S,1538.78,2022-07-06,Education
Udemy,1231.75,2022-12-30,Education
IRCTC,231.14,2022-10-14,Travel
Indigo Airlines,7.79,2022-01-11,Travel
Google Pay,1317.76,2022-03-29,Others
McDonald's,279.47,2023-05-16,Dining
Google Pay,1700.42,2023-12-09,Others
Vedantu,1656.87,2023-04-04,Education
Big Bazaar,958.69,2022-10-29,Groceries
McDonald's,174.39,2023-12-10,Dining
Domino's,243.15,2023-11-11,Dining
Ajio,952.36,2023-07-21,Shopping
PhonePe,190.57,2023-03-12,Others
PhonePe,92.86,2022-12-27,Others
BYJU'S,406.87,2022-11-10,Education
Ola,1375.65,2022-05-04,Travel
Domino's,595.41,2022-05-03,Dining
Google Pay,422.06,2022-07-16,Others
McDonald's,51.11,2022-10-11,Dining
UPI Transfer,477.27,2022-10-17,Others
Netflix,2305.28,2022-10-31,Entertainment
Domino's,75.46,2022-07-03,Dining
Uber,365.25,2023-12-27,Travel
Google Pay,1049.3,2022-10-08,Others
Big Bazaar,675.02,2023-07-21,Groceries
Ola,597.04,2023-10-16,Travel
Coursera,606.14,2022-01-13,Education
Air India,222.75,2023-05-06,Travel
BYJU'S,173.78,2022-07-08,Education
D-Mart,828.69,2023-05-05,Groceries
PVR Cinemas,830.66,2023-02-15,Entertainment
Coursera,1008.98,2023-08-14,Education
Reliance Fresh,1222.31,2022-06-02,Groceries
Uber,358.05,2022-09-12,Travel
Spotify,348.09,2023-03-03,Entertainment
Barbeque Nation,800.47,2023-01-25,Dining
Vedantu,524.86,2022-11-01,Education
Practo,605.28,2023-08-06,Healthcare
Nature's Basket,794.31,2022-04-12,Groceries
Swiggy,1103.66,2022-09-28,Dining
Netflix,206.24,2022-09-03,Entertainment
Indane Gas,235.47,2022-03-18,Utilities
BESCOM,49.35,2023-02-23,Utilities
Unacademy,431.71,2023-04-27,Education
Uber,18.3,2022-08-26,Travel
IRCTC,313.3,2023-12-21,Travel
Coursera,391.15,2023-12-05,Education
Domino's,168.82,2023-10-03,Dining
McDonald's,446.82,2022-04-28,Dining
Google Pay,15.49,2023-10-26,Others
BSNL Bill,19.03,2022-05-26,Utilities
PVR Cinemas,864.68,2022-06-19,Entertainment
Indigo Airlines,223.29,2023-08-06,Travel
Air India,67.94,2022-05-08,Travel
BYJU'S,369.33,2023-12-18,Education
Practo,734.82,2023-05-28,Healthcare
ATM Withdrawal,121.56,2023-03-25,Others
Spotify,487.61,2022-02-10,Entertainment
Practo,44.61,2023-09-11,Healthcare
Uber,26.53,2022-04-04,Travel
Barbeque Nation,378.95,2023-08-25,Dining
D-Mart,388.96,2023-08-14,Groceries
Reliance Fresh,507.27,2023-04-27,Groceries
ATM Withdrawal,647.48,2022-10-12,Others
Indane Gas,1861.78,2023-03-23,Utilities
Coursera,363.15,2023-04-27,Education
Ajio,195.01,2022-12-08,Shopping
Amazon,792.83,2022-06-14,Shopping
Ajio,157.93,2023-12-12,Shopping
BYJU'S,288.99,2023-11-10,Education
Fortis Hospital,40.85,2022-02-07,Healthcare
Coursera,12.84,2022-11-19,Education
IRCTC,1643.69,2022-04-29,Travel
Fortis Hospital,903.88,2022-01-02,Healthcare
ATM Withdrawal,595.32,2023-02-28,Others
Reliance Fresh,262.93,2023-06-15,Groceries
Tata CLiQ,95.15,2023-05-26,Shopping
Coursera,85.06,2022-07-28,Education
Indigo Airlines,144.0,2022-05-15,Travel
Air India,398.4,2023-12-17,Travel
Coursera,626.92,2022-01-30,Education
Swiggy,539.7,2022-11-15,Dining
Paytm Recharge,164.21,2023-07-20,Others
Apollo Pharmacy,1549.05,2022-08-19,Healthcare
BookMyShow,669.51,2022-05-01,Entertainment
Water Board,404.12,2022-10-26,Utilities
PhonePe,473.02,2023-03-02,Others
Vedantu,272.02,2022-09-07,Education
Unacademy,142.33,2022-05-29,Education
1mg,220.01,2023-09-06,Healthcare
Google Pay,709.09,2022-03-13,Others
Air India,7.25,2022-12-15,Travel
PhonePe,61.69,2022-01-03,Others
IRCTC,23.55,2023-08-25,Travel
Udemy,20.79,2023-04-03,Education
ATM Withdrawal,967.1,2022-12-20,Others
Tata CLiQ,608.12,2023-07-11,Shopping
MedPlus,321.39,2022-11-26,Healthcare
Swiggy,51.48,2023-08-09,Dining
1mg,338.26,2023-02-25,Healthcare
D-Mart,320.73,2023-04-30,Groceries
MedPlus,95.1,2023-11-11,Healthcare
Water Board,284.45,2022-02-07,Utilities
Indane Gas,254.17,2023-08-28,Utilities
Amazon,478.36,2023-03-27,Shopping
Spotify,504.06,2023-04-13,Entertainment
Reliance Fresh,23.18,2023-02-24,Groceries
BESCOM,234.69,2023-04-26,Utilities
IRCTC,491.56,2023-10-01,Travel
Apollo Pharmacy,349.72,2022-12-03,Healthcare
ATM Withdrawal,970.67,2022-11-21,Others
Unacademy,537.49,2022-02-06,Education
Netflix,88.93,2023-10-09,Entertainment
Ola,36.59,2022-04-03,Travel
Apollo Pharmacy,514.2,2023-10-11,Healthcare
BookMyShow,13.43,2022-06-20,Entertainment
Uber,440.67,2022-02-17,Travel
Amazon,1408.63,2022-10-28,Shopping
Myntra,428.39,2023-03-18,Shopping
Mahanagar Gas,245.65,2023-06-28,Utilities
Fortis Hospital,515.41,2023-11-30,Healthcare
Mahanagar Gas,306.48,2022-06-29,Utilities
Spotify,394.41,2023-01-27,Entertainment
McDonald's,1419.06,2023-08-21,Dining
Mahanagar Gas,243.96,2023-04-18,Utilities
Air India,1624.55,2022-09-19,Travel
Spencer's,1178.79,2022-10-22,Groceries
Google Pay,108.95,2022-03-17,Others
BYJU'S,35.94,2023-08-25,Education
Air India,53.11,2023-12-08,Travel
Air India,9.19,2022-11-06,Travel
McDonald's,49.6,2023-05-10,Dining
Netflix,574.44,2023-01-26,Entertainment
Tata CLiQ,36.92,2022-10-30,Shopping
Uber,192.08,2023-11-06,Travel
Practo,931.76,2022-01-09,Healthcare
Nature's Basket,11.77,2023-05-24,Groceries
Ola,842.27,2023-09-14,Travel
Flipkart,165.54,2023-10-14,Shopping
Barbeque Nation,62.88,2022-09-14,Dining
BESCOM,596.58,2023-10-05,Utilities
D-Mart,495.7,2023-03-28,Groceries
Nature's Basket,1049.71,2023-01-09,Groceries
BESCOM,664.15,2022-10-30,Utilities
Ajio,813.5,2022-06-29,Shopping
Swiggy,165.67,2023-07-07,Dining
Tata CLiQ,97.67,2023-05-29,Shopping
Ola,694.38,2022-09-21,Travel
BYJU'S,822.1,2022-12-13,Education
BookMyShow,2328.5,2022-03-19,Entertainment
Mahanagar Gas,266.04,2023-11-24,Utilities
Fortis Hospital,232.62,2023-01-10,Healthcare
BookMyShow,748.98,2022-01-15,Entertainment
Indigo Airlines,208.37,2022-05-07,Travel
BYJU'S,1335.07,2023-11-20,Education
Indigo Airlines,977.42,2023-01-26,Travel
Amazon,280.18,2023-11-23,Shopping
McDonald's,694.89,2022-01-26,Dining
PhonePe,702.32,2023-09-17,Others
Zomato,54.42,2023-10-13,Dining
BYJU'S,1164.22,2023-10-27,Education
Apollo Pharmacy,351.85,2022-05-24,Healthcare
Big Bazaar,875.67,2022-11-08,Groceries
Coursera,192.87,2022-04-10,Education
Barbeque Nation,1129.4,2022-05-19,Dining
MedPlus,246.49,2023-01-15,Healthcare
ATM Withdrawal,5.45,2023-08-25,Others
Water Board,1178.95,2023-11-02,Utilities
BookMyShow,47.86,2023-09-23,Entertainment
Practo,192.33,2022-02-03,Healthcare
Flipkart,1498.49,2023-03-31,Shopping
Udemy,1503.97,2023-01-07,Education
Hotstar,426.0,2023-07-12,Entertainment
Amazon,499.62,2023-02-12,Shopping
Ola,297.51,2022-05-06,Travel
Coursera,173.51,2023-11-10,Education
Barbeque Nation,199.24,2022-01-22,Dining
D-Mart,558.16,2022-09-07,Groceries
Indane Gas,697.92,2022-07-30,Utilities
Spotify,784.1,2022-08-01,Entertainment
Swiggy,779.42,2022-12-03,Dining
Indane Gas,47.82,2022-01-03,Utilities
Ola,341.02,2022-05-14,Travel
PhonePe,29.64,2022-06-28,Others
PVR Cinemas,398.73,2022-05-15,Entertainment
D-Mart,291.28,2022-09-01,Groceries
Amazon,1093.31,2022-06-28,Shopping
Uber,216.1,2022-05-10,Travel
Fortis Hospital,62.25,2022-04-27,Healthcare
BookMyShow,77.15,2023-04-05,Entertainment
Tata CLiQ,716.72,2023-08-31,Shopping
BookMyShow,481.45,2023-05-31,Entertainment
Barbeque Nation,53.3,2022-02-14,Dining
PhonePe,43.93,2023-04-15,Others
Big Bazaar,603.6,2023-05-06,Groceries
MedPlus,37.77,2023-12-04,Healthcare
BookMyShow,862.59,2023-12-31,Entertainment
Coursera,612.5,2022-03-24,Education
Tata CLiQ,42.42,2022-06-01,Shopping
Netflix,44.33,2022-10-09,Entertainment
PhonePe,2157.73,2023-01-26,Others
PhonePe,234.42,2023-04-10,Others
UPI Transfer,231.53,2023-03-17,Others
PVR Cinemas,837.79,2023-11-02,Entertainment
Google Pay,1471.08,2023-03-17,Others
Udemy,2134.39,2023-02-28,Education
Ajio,699.95,2023-02-13,Shopping
Apollo Pharmacy,236.01,2022-11-17,Healthcare
Practo,43.6,2023-11-13,Healthcare
IRCTC,750.62,2022-06-06,Travel
Coursera,408.68,2022-04-04,Education
PVR Cinemas,276.02,2023-03-19,Entertainment
Hotstar,1184.12,2022-05-14,Entertainment
Paytm Recharge,58.94,2023-08-24,Others
UPI Transfer,339.25,2022-12-04,Others
BookMyShow,5.71,2022-12-29,Entertainment
Apollo Pharmacy,316.18,2022-10-22,Healthcare
IRCTC,28.98,2022-04-17,Travel
Google Pay,63.25,2022-06-08,Others
Udemy,62.51,2022-04-21,Education
Tata CLiQ,523.78,2023-01-12,Shopping
Hotstar,685.3,2023-08-11,Entertainment
McDonald's,437.78,2023-07-29,Dining
Paytm Recharge,1637.36,2023-09-16,Others
Uber,234.9,2022-07-04,Travel
IRCTC,168.23,2022-12-14,Travel
Amazon,1014.75,2022-07-05,Shopping
Indane Gas,126.54,2023-11-05,Utilities
Apollo Pharmacy,1651.44,2022-05-26,Healthcare
Big Bazaar,6.11,2023-06-28,Groceries
McDonald's,1751.26,2023-03-06,Dining
BYJU'S,22.06,2022-06-11,Education
Myntra,1108.86,2022-11-29,Shopping
PVR Cinemas,375.07,2022-06-09,Entertainment
Indane Gas,2478.41,2022-02-20,Utilities
Hotstar,38.33,2023-03-30,Entertainment
MedPlus,403.55,2023-09-14,Healthcare
Vedantu,1741.79,2022-10-07,Education
Barbeque Nation,370.22,2022-04-27,Dining
Ajio,496.31,2022-04-24,Shopping
Indigo Airlines,594.95,2023-05-14,Travel
PhonePe,303.06,2022-02-16,Others
McDonald's,493.84,2023-09-06,Dining
Big Bazaar,438.91,2022-07-29,Groceries
Ola,1157.12,2022-05-21,Travel
IRCTC,23.26,2022-12-02,Travel
PVR Cinemas,164.92,2023-05-25,Entertainment
1mg,1502.0,2022-05-13,Healthcare
Fortis Hospital,1104.84,2023-12-22,Healthcare
Barbeque Nation,304.09,2023-07-27,Dining
Amazon,483.97,2023-02-11,Shopping
Spencer's,162.44,2022-01-20,Groceries
Coursera,104.2,2022-11-17,Education
Fortis Hospital,311.53,2023-02-19,Healthcare
Practo,217.98,2022-04-28,Healthcare
Apollo Pharmacy,438.12,2022-11-29,Healthcare
Indane Gas,40.46,2023-04-17,Utilities
Amazon,1832.48,2023-03-24,Shopping
Netflix,2141.93,2023-03-23,Entertainment
Fortis Hospital,598.93,2022-03-22,Healthcare
Practo,384.04,2022-12-14,Healthcare
Domino's,185.19,2022-06-22,Dining
Spotify,840.45,2023-10-11,Entertainment
Spotify,577.16,2023-06-07,Entertainment
Domino's,88.74,2022-12-26,Dining
Mahanagar Gas,1209.15,2022-04-16,Utilities
BSNL Bill,864.5,2022-07-22,Utilities
Indane Gas,1495.87,2022-06-06,Utilities
Netflix,646.8,2023-10-06,Entertainment
Vedantu,475.2,2023-08-01,Education
Unacademy,270.85,2023-10-21,Education
Myntra,1349.51,2022-06-04,Shopping
Coursera,1005.2,2023-04-26,Education
BYJU'S,23.14,2022-10-09,Education
D-Mart,13.36,2023-06-04,Groceries
Hotstar,236.17,2023-04-18,Entertainment
Coursera,831.82,2022-02-28,Education
Myntra,2182.14,2022-03-20,Shopping
Spotify,81.5,2023-09-01,Entertainment
ATM Withdrawal,450.86,2023-04-19,Others
Paytm Recharge,239.74,2023-04-06,Others
Domino's,1751.85,2023-09-12,Dining
Unacademy,922.96,2022-06-04,Education
Spencer's,911.1,2022-04-16,Groceries
Amazon,316.21,2023-06-01,Shopping
BESCOM,267.92,2022-09-11,Utilities
Vedantu,159.69,2023-06-21,Education
UPI Transfer,29.01,2022-06-12,Others
Myntra,1000.21,2022-10-17,Shopping
MedPlus,838.06,2022-12-13,Healthcare
D-Mart,4086.22,2022-03-09,Groceries
Amazon,2847.44,2023-07-26,Shopping
Practo,405.33,2022-09-16,Healthcare
BSNL Bill,732.64,2022-03-25,Utilities
BSNL Bill,1448.09,2022-11-14,Utilities
1mg,947.39,2023-09-02,Healthcare
Hotstar,142.08,2023-07-27,Entertainment
Practo,299.41,2022-05-11,Healthcare
Paytm Recharge,69.15,2023-10-24,Others
Fortis Hospital,1540.11,2023-01-06,Healthcare
D-Mart,465.92,2022-11-13,Groceries
Mahanagar Gas,129.8,2022-12-16,Utilities
Udemy,556.91,2022-08-20,Education
Mahanagar Gas,481.34,2022-03-21,Utilities
Uber,221.71,2023-06-04,Travel
UPI Transfer,60.27,2022-02-08,Others
Tata CLiQ,556.72,2022-05-15,Shopping
1mg,367.31,2022-06-16,Healthcare
Indane Gas,739.9,2022-06-19,Utilities
Coursera,367.15,2023-02-25,Education
Flipkart,955.89,2023-03-31,Shopping
Air India,401.38,2022-08-28,Travel
Google Pay,411.56,2022-11-13,Others
Udemy,1046.38,2023-01-12,Education
Vedantu,258.32,2022-10-16,Education
Fortis Hospital,71.94,2023-06-25,Healthcare
1mg,14.6,2022-07-24,Healthcare
BSNL Bill,703.53,2022-02-23,Utilities
BYJU'S,484.2,2023-07-22,Education
Spotify,608.83,2022-05-08,Entertainment
Uber,119.74,2022-06-14,Travel
Air India,73.31,2023-06-10,Travel
Water Board,7.33,2022-04-04,Utilities
McDonald's,215.84,2022-12-24,Dining
Spencer's,445.7,2022-02-24,Groceries
Fortis Hospital,248.99,2023-01-18,Healthcare
McDonald's,287.66,2022-03-25,Dining
Flipkart,1172.53,2022-01-29,Shopping
Amazon,214.05,2023-10-28,Shopping
Flipkart,360.76,2022-05-21,Shopping
D-Mart,765.44,2023-04-29,Groceries
Water Board,252.54,2023-04-05,Utilities
Big Bazaar,486.55,2022-01-20,Groceries
Ola,991.57,2022-06-03,Travel
UPI Transfer,1493.1,2023-06-25,Others
Apollo Pharmacy,79.54,2022-10-23,Healthcare
Domino's,1305.83,2022-05-05,Dining
Reliance Fresh,338.75,2023-03-06,Groceries
Coursera,149.37,2022-04-24,Education
Unacademy,307.29,2023-07-03,Education
Nature's Basket,1956.83,2023-08-12,Groceries
Swiggy,339.25,2022-10-26,Dining
Apollo Pharmacy,199.31,2023-09-22,Healthcare
Flipkart,501.74,2023-08-08,Shopping
1mg,137.31,2023-11-12,Healthcare
Spotify,39.45,2023-01-05,Entertainment
Spotify,68.99,2023-07-12,Entertainment
UPI Transfer,68.51,2023-07-22,Others
Spencer's,82.38,2023-04-27,Groceries
Spencer's,74.73,2023-01-18,Groceries
Uber,512.04,2023-01-01,Travel
Hotstar,100.37,2022-09-04,Entertainment
Spotify,212.07,2022-12-07,Entertainment
BESCOM,1135.49,2022-12-27,Utilities
PhonePe,321.19,2023-10-21,Others
Water Board,550.64,2023-12-14,Utilities
Udemy,94.56,2022-05-19,Education
BookMyShow,106.78,2022-02-07,Entertainment
Ola,20.86,2022-02-14,Travel
Zomato,92.52,2022-11-20,Dining
Indigo Airlines,163.27,2023-02-12,Travel
ATM Withdrawal,97.41,2022-09-17,Others
Reliance Fresh,46.44,2022-10-20,Groceries
Amazon,64.28,2023-11-03,Shopping
Myntra,308.81,2022-05-08,Shopping
Ajio,115.55,2023-02-14,Shopping
Vedantu,226.49,2022-12-14,Education
Water Board,350.0,2023-12-10,Utilities
BYJU'S,586.23,2023-06-16,Education
Uber,20.05,2023-03-11,Travel
BookMyShow,803.25,2023-09-09,Entertainment
Indane Gas,494.3,2022-10-28,Utilities
Amazon,42.65,2022-03-23,Shopping
Myntra,1034.07,2022-11-10,Shopping
Unacademy,1268.35,2023-03-13,Education
Water Board,31.51,2022-12-26,Utilities
Coursera,162.09,2022-12-28,Education
Practo,820.47,2023-10-17,Healthcare
Big Bazaar,689.68,2023-11-19,Groceries
Practo,101.99,2023-06-10,Healthcare
BESCOM,117.45,2022-05-27,Utilities
Coursera,231.39,2022-05-10,Education
Netflix,331.33,2023-10-23,Entertainment
Myntra,481.5,2023-01-28,Shopping
Nature's Basket,230.16,2022-06-07,Groceries
BYJU'S,310.45,2023-01-16,Education
Coursera,688.11,2023-08-11,Education
Indane Gas,18.69,2023-01-11,Utilities
Practo,145.47,2023-10-28,Healthcare
Ola,624.75,2022-04-27,Travel
Reliance Fresh,1127.88,2023-05-27,Groceries
ATM Withdrawal,358.39,2023-07-30,Others
Hotstar,379.76,2022-09-24,Entertainment
Udemy,56.68,2023-09-19,Education
Air India,296.57,2022-07-24,Travel
Netflix,380.3,2022-03-17,Entertainment
Udemy,138.85,2024-01-01,Education
Coursera,156.84,2023-11-30,Education
Myntra,236.83,2023-12-28,Shopping
Spotify,10.14,2023-07-10,Entertainment
IRCTC,194.36,2022-06-11,Travel
BSNL Bill,118.78,2023-06-05,Utilities
Zomato,198.37,2022-07-25,Dining
Mahanagar Gas,63.78,2023-05-21,Utilities
D-Mart,1106.04,2023-07-22,Groceries
Ajio,450.2,2023-07-19,Shopping
Indane Gas,568.32,2022-03-30,Utilities
Hotstar,778.35,2023-02-12,Entertainment
Unacademy,345.02,2023-02-25,Education
Fortis Hospital,45.47,2022-03-17,Healthcare
BSNL Bill,385.13,2023-10-20,Utilities
BookMyShow,441.96,2023-04-23,Entertainment
PhonePe,684.11,2022-05-12,Others
UPI Transfer,282.52,2022-07-06,Others
Water Board,68.24,2023-05-30,Utilities
Big Bazaar,166.88,2023-06-15,Groceries
BSNL Bill,225.56,2022-06-18,Utilities
BSNL Bill,519.11,2023-12-28,Utilities
Domino's,422.89,2023-06-16,Dining
Uber,220.1,2022-09-14,Travel
Barbeque Nation,2153.1,2022-10-09,Dining
BSNL Bill,465.42,2023-09-22,Utilities
Paytm Recharge,135.4,2023-05-30,Others
Indane Gas,53.67,2023-08-18,Utilities
Mahanagar Gas,82.94,2023-11-06,Utilities
Tata CLiQ,141.15,2022-02-12,Shopping
Big Bazaar,87.58,2022-02-16,Groceries
Ola,103.25,2023-08-09,Travel
Fortis Hospital,167.8,2023-10-17,Healthcare
Spencer's,95.2,2023-10-05,Groceries
PhonePe,1135.38,2023-10-20,Others
Air India,41.82,2022-09-08,Travel
Practo,371.71,2023-04-10,Healthcare
PVR Cinemas,264.15,2022-06-11,Entertainment
Vedantu,2019.32,2023-05-11,Education
Udemy,59.41,2022-12-15,Education
BSNL Bill,253.63,2022-11-23,Utilities
Ajio,1744.53,2022-05-14,Shopping
Tata CLiQ,1003.12,2023-07-30,Shopping
Hotstar,849.33,2022-09-05,Entertainment
Coursera,149.14,2022-10-01,Education
Udemy,93.7,2022-05-25,Education
PVR Cinemas,552.28,2022-10-25,Entertainment
Fortis Hospital,1325.19,2023-03-05,Healthcare
Swiggy,406.83,2022-12-02,Dining
Flipkart,423.86,2022-06-13,Shopping
Unacademy,164.24,2023-04-24,Education
BYJU'S,733.74,2023-05-25,Education
Big Bazaar,103.54,2023-02-07,Groceries
ATM Withdrawal,195.54,2022-09-04,Others
Barbeque Nation,277.07,2022-12-28,Dining
Big Bazaar,354.24,2022-10-16,Groceries
Unacademy,138.81,2023-11-01,Education
BYJU'S,60.99,2023-07-04,Education
Big Bazaar,471.6,2023-03-18,Groceries
BSNL Bill,170.28,2023-01-10,Utilities
Practo,435.23,2022-02-16,Healthcare
Apollo Pharmacy,83.83,2023-08-07,Healthcare
Google Pay,328.06,2023-01-07,Others
PhonePe,380.27,2022-03-17,Others
Fortis Hospital,26.61,2023-04-07,Healthcare
PhonePe,205.19,2023-10-01,Others
Netflix,72.17,2022-04-10,Entertainment
Practo,32.74,2022-12-14,Healthcare
PhonePe,2300.6,2022-05-28,Others
Barbeque Nation,194.57,2023-06-06,Dining
Fortis Hospital,830.04,2022-02-11,Healthcare
Big Bazaar,146.94,2022-05-21,Groceries
Ajio,572.07,2023-06-16,Shopping
Udemy,714.03,2023-09-13,Education
Google Pay,452.72,2022-12-02,Others
Flipkart,318.93,2023-02-07,Shopping
Indigo Airlines,265.38,2022-12-11,Travel
UPI Transfer,214.52,2023-06-30,Others
Unacademy,1326.28,2022-11-03,Education
Coursera,887.8,2023-01-13,Education
Amazon,1676.59,2023-03-03,Shopping
Uber,66.36,2023-09-04,Travel
BYJU'S,656.28,2023-11-03,Education
Zomato,1393.06,2023-08-21,Dining
Udemy,99.98,2023-06-21,Education
1mg,34.41,2023-11-29,Healthcare
Zomato,675.7,2023-08-10,Dining
Netflix,427.21,2022-01-20,Entertainment
BYJU'S,922.04,2023-03-05,Education
Water Board,75.28,2023-12-09,Utilities
McDonald's,793.03,2023-05-29,Dining
Coursera,112.59,2023-12-24,Education
Indane Gas,89.36,2022-08-01,Utilities
PhonePe,89.72,2023-11-10,Others
Unacademy,842.55,2023-01-21,Education
Flipkart,547.11,2023-04-16,Shopping
PhonePe,370.19,2023-07-14,Others
Myntra,222.23,2023-09-17,Shopping
Udemy,1048.6,2022-09-10,Education
Indigo Airlines,249.16,2022-11-02,Travel
Domino's,848.04,2022-10-23,Dining
McDonald's,289.14,2022-11-21,Dining
BYJU'S,236.56,2023-07-28,Education
IRCTC,310.58,2022-05-05,Travel
ATM Withdrawal,179.32,2023-02-09,Others
Flipkart,688.39,2022-10-25,Shopping
D-Mart,349.3,2022-03-22,Groceries
Ajio,132.12,2023-11-03,Shopping
Air India,1149.17,2022-08-08,Travel
Barbeque Nation,242.17,2022-10-05,Dining
PhonePe,392.14,2022-05-21,Others
Spotify,1184.75,2023-08-24,Entertainment
Swiggy,489.4,2022-02-21,Dining
Google Pay,62.16,2023-10-16,Others
Zomato,1405.31,2022-04-13,Dining
Practo,494.04,2023-04-29,Healthcare
Netflix,203.91,2022-01-06,Entertainment
Google Pay,74.99,2023-02-21,Others
Vedantu,790.0,2023-10-29,Education
Domino's,483.89,2022-11-25,Dining
Uber,381.21,2022-04-02,Travel
Barbeque Nation,1121.65,2022-02-08,Dining
Water Board,777.0,2022-06-30,Utilities
Spencer's,82.25,2023-05-23,Groceries
BSNL Bill,186.78,2022-02-08,Utilities
D-Mart,142.83,2023-08-05,Groceries
Hotstar,681.18,2022-10-19,Entertainment
Unacademy,17.05,2023-06-21,Education
Udemy,421.86,2023-06-01,Education
BYJU'S,718.71,2022-07-17,Education
Hotstar,1046.83,2022-06-16,Entertainment
BYJU'S,209.34,2022-07-10,Education
D-Mart,860.9,2022-10-30,Groceries
Swiggy,58.62,2023-09-18,Dining
MedPlus,936.87,2023-06-12,Healthcare
Amazon,68.19,2023-02-15,Shopping
Netflix,253.16,2022-05-24,Entertainment
BYJU'S,798.0,2022-09-12,Education
D-Mart,81.21,2023-01-28,Groceries
McDonald's,130.2,2022-10-01,Dining
Myntra,640.52,2023-08-20,Shopping
D-Mart,636.55,2023-11-01,Groceries
Flipkart,512.42,2022-03-05,Shopping
BookMyShow,592.0,2022-11-11,Entertainment
Water Board,391.23,2023-12-04,Utilities
PhonePe,145.04,2023-12-08,Others
Hotstar,212.09,2023-01-12,Entertainment
Swiggy,100.2,2022-05-17,Dining
Udemy,1195.44,2023-04-11,Education
Ajio,437.8,2023-12-20,Shopping
ATM Withdrawal,256.12,2023-07-05,Others
Swiggy,309.95,2023-11-28,Dining
Spotify,1471.41,2023-04-03,Entertainment
PhonePe,83.23,2022-03-21,Others
PVR Cinemas,441.22,2023-07-15,Entertainment
Google Pay,352.5,2023-08-10,Others
Google Pay,472.67,2022-06-18,Others
Tata CLiQ,9.14,2023-03-29,Shopping
Netflix,1028.35,2023-08-21,Entertainment
Coursera,1344.99,2023-06-07,Education
Coursera,416.36,2023-04-10,Education
Indane Gas,596.44,2023-03-02,Utilities
Unacademy,1278.73,2022-03-01,Education
ATM Withdrawal,614.2,2023-11-20,Others
Uber,82.76,2023-02-10,Travel
Uber,429.35,2022-08-12,Travel
PVR Cinemas,466.61,2023-03-10,Entertainment
Amazon,275.94,2023-07-09,Shopping
Big Bazaar,666.75,2023-04-29,Groceries
D-Mart,1361.84,2023-02-23,Groceries
Mahanagar Gas,1298.94,2023-10-19,Utilities
Practo,299.68,2023-01-27,Healthcare
Vedantu,60.09,2023-01-20,Education
Spotify,2094.59,2022-05-17,Entertainment
Amazon,912.86,2022-07-02,Shopping
ATM Withdrawal,66.57,2023-06-26,Others
Mahanagar Gas,1268.15,2022-01-04,Utilities
D-Mart,1019.71,2023-04-20,Groceries
ATM Withdrawal,365.78,2023-06-29,Others
1mg,447.36,2022-09-11,Healthcare
BYJU'S,254.58,2022-06-08,Education
Ola,28.16,2022-04-26,Travel
Spencer's,204.13,2023-09-22,Groceries
Reliance Fresh,811.9,2022-07-31,Groceries
PVR Cinemas,2.32,2023-09-01,Entertainment
Spencer's,202.86,2023-09-05,Groceries
Reliance Fresh,253.89,2022-02-15,Groceries
MedPlus,385.44,2022-08-28,Healthcare
Google Pay,1261.96,2022-02-27,Others
Indane Gas,212.59,2022-10-24,Utilities
Barbeque Nation,213.05,2022-11-23,Dining
Flipkart,668.75,2022-11-06,Shopping
Indane Gas,300.94,2022-08-15,Utilities
Practo,127.19,2022-10-09,Healthcare
Nature's Basket,301.14,2023-08-29,Groceries
Water Board,75.91,2023-07-24,Utilities
Coursera,97.03,2022-12-19,Education
Fortis Hospital,344.94,2022-11-23,Healthcare
MedPlus,271.44,2022-06-02,Healthcare
Air India,1231.65,2022-07-08,Travel
ATM Withdrawal,225.02,2022-09-04,Others
Domino's,434.45,2023-12-26,Dining
Water Board,500.2,2022-03-01,Utilities
ATM Withdrawal,6.59,2023-03-03,Others
UPI Transfer,544.63,2022-05-18,Others
1mg,98.03,2022-09-19,Healthcare
Domino's,1623.0,2023-10-25,Dining
BookMyShow,80.47,2023-01-15,Entertainment
Spotify,267.75,2022-07-15,Entertainment
D-Mart,44.61,2023-01-22,Groceries
Big Bazaar,2884.04,2022-07-12,Groceries
Google Pay,348.77,2023-05-06,Others
Domino's,452.41,2022-11-07,Dining
Reliance Fresh,34.72,2022-07-14,Groceries
BookMyShow,693.07,2022-09-06,Entertainment
McDonald's,117.8,2022-09-03,Dining
PhonePe,1141.66,2022-10-17,Others
MedPlus,114.79,2023-07-01,Healthcare
Myntra,105.79,2022-09-25,Shopping
Tata CLiQ,18.62,2023-05-25,Shopping
Coursera,319.39,2023-04-26,Education
Flipkart,416.02,2023-01-15,Shopping
Ajio,33.98,2022-02-16,Shopping
Swiggy,747.0,2022-01-17,Dining
Indigo Airlines,301.92,2023-08-22,Travel
Practo,371.58,2022-06-06,Healthcare
Domino's,290.59,2022-08-24,Dining
Fortis Hospital,256.05,2022-09-09,Healthcare
Unacademy,410.08,2023-11-02,Education
Myntra,84.35,2023-05-16,Shopping
Vedantu,100.4,2022-06-22,Education
Flipkart,989.47,2022-05-24,Shopping
ATM Withdrawal,1460.46,2022-07-08,Others
Paytm Recharge,233.65,2023-06-21,Others
Big Bazaar,157.87,2023-11-16,Groceries
Big Bazaar,516.41,2023-02-27,Groceries
Mahanagar Gas,262.74,2022-03-11,Utilities
BESCOM,12.86,2022-08-12,Utilities
ATM Withdrawal,84.89,2023-01-18,Others
Nature's Basket,629.34,2023-10-16,Groceries
Vedantu,537.82,2022-01-17,Education
Nature's Basket,13.73,2023-07-19,Groceries
Apollo Pharmacy,125.5,2022-01-18,Healthcare
PhonePe,131.38,2023-07-03,Others
Uber,557.21,2023-05-30,Travel
1mg,9.95,2022-04-20,Healthcare
Spotify,54.97,2022-06-02,Entertainment
Swiggy,804.51,2023-09-27,Dining
PhonePe,98.34,2022-12-29,Others
Air India,528.85,2022-03-22,Travel
Ajio,136.02,2023-04-16,Shopping
Swiggy,52.37,2022-11-04,Dining
PVR Cinemas,139.31,2022-04-06,Entertainment
MedPlus,640.55,2023-01-22,Healthcare
ATM Withdrawal,967.92,2022-02-27,Others
Reliance Fresh,886.63,2022-03-26,Groceries
Vedantu,253.07,2023-10-23,Education
Tata CLiQ,551.44,2022-04-08,Shopping
Paytm Recharge,114.7,2022-08-24,Others
Barbeque Nation,173.47,2023-05-02,Dining
Uber,1133.3,2022-03-18,Travel
Indigo Airlines,6.54,2023-08-01,Travel
Reliance Fresh,44.69,2022-11-19,Groceries
Reliance Fresh,116.53,2023-08-25,Groceries
Water Board,13.45,2022-03-20,Utilities
Ola,100.1,2023-08-01,Travel
Barbeque Nation,437.38,2023-02-03,Dining
PhonePe,273.59,2023-01-29,Others
BESCOM,1115.93,2023-05-28,Utilities
Amazon,850.35,2022-04-11,Shopping
1mg,209.14,2022-03-19,Healthcare
Tata CLiQ,150.16,2023-09-21,Shopping
Practo,238.77,2022-01-31,Healthcare
Air India,446.16,2023-05-18,Travel
Domino's,156.03,2023-07-21,Dining
MedPlus,489.28,2022-07-10,Healthcare
Apollo Pharmacy,263.32,2023-09-26,Healthcare
Ola,401.53,2024-01-01,Travel
PVR Cinemas,286.46,2022-10-02,Entertainment
Water Board,174.4,2023-12-30,Utilities
Water Board,1482.63,2022-11-21,Utilities
Amazon,721.13,2022-04-04,Shopping
D-Mart,75.48,2023-04-01,Groceries
Myntra,1014.25,2022-04-15,Shopping
BESCOM,334.16,2022-07-11,Utilities
MedPlus,1124.77,2023-07-25,Healthcare
UPI Transfer,804.36,2023-02-22,Others
PVR Cinemas,276.88,2022-04-02,Entertainment
Tata CLiQ,11.36,2022-04-06,Shopping
Ajio,156.45,2022-01-13,Shopping
Air India,390.04,2023-02-02,Travel
Spotify,501.85,2022-09-06,Entertainment
Google Pay,149.13,2023-12-03,Others
1mg,75.04,2022-05-23,Healthcare
IRCTC,900.69,2022-10-02,Travel
Udemy,2080.31,2022-03-06,Education
Water Board,372.95,2022-10-10,Utilities
Practo,94.18,2023-05-11,Healthcare
Hotstar,158.94,2022-09-15,Entertainment
McDonald's,9.28,2023-09-01,Dining
McDonald's,1228.44,2022-04-20,Dining
BSNL Bill,62.64,2022-01-07,Utilities
Practo,429.62,2023-09-28,Healthcare
Practo,160.14,2023-03-27,Healthcare
Ajio,403.92,2023-10-29,Shopping
BSNL Bill,526.94,2022-11-25,Utilities
McDonald's,885.22,2022-11-18,Dining
Water Board,115.6,2022-11-23,Utilities
Air India,5.53,2023-08-13,Travel
Domino's,73.6,2023-01-21,Dining
Air India,1151.39,2023-01-09,Travel
Spotify,1035.3,2022-07-24,Entertainment
Google Pay,454.92,2023-11-30,Others
Paytm Recharge,458.79,2023-04-18,Others
McDonald's,546.87,2022-10-26,Dining
BookMyShow,96.41,2023-11-21,Entertainment
Udemy,1229.1,2023-10-11,Education
Ola,271.3,2022-09-16,Travel
Water Board,241.56,2023-01-22,Utilities
BookMyShow,365.86,2023-09-05,Entertainment
Unacademy,24.05,2023-02-15,Education
UPI Transfer,90.93,2023-12-10,Others
Fortis Hospital,669.77,2022-02-07,Healthcare
Tata CLiQ,43.21,2023-09-01,Shopping
PVR Cinemas,462.1,2022-09-12,Entertainment
Flipkart,140.75,2023-10-25,Shopping
Nature's Basket,246.57,2023-10-23,Groceries
Practo,170.33,2023-03-17,Healthcare
PVR Cinemas,219.77,2022-04-11,Entertainment
Ola,634.78,2023-06-07,Travel
UPI Transfer,176.29,2023-08-18,Others
McDonald's,417.82,2023-01-19,Dining
MedPlus,323.18,2023-11-27,Healthcare
Google Pay,544.83,2022-12-20,Others
Spencer's,1380.96,2022-04-18,Groceries
Air India,659.45,2022-03-29,Travel
Netflix,121.0,2022-12-23,Entertainment
IRCTC,15.84,2023-04-12,Travel
Barbeque Nation,152.08,2023-05-10,Dining
Ajio,452.03,2022-04-10,Shopping
Vedantu,26.4,2022-11-23,Education
Hotstar,342.95,2022-02-15,Entertainment
PVR Cinemas,454.21,2022-12-18,Entertainment
Netflix,203.42,2022-09-07,Entertainment
Google Pay,736.82,2023-07-20,Others
BSNL Bill,56.36,2023-07-28,Utilities
MedPlus,39.06,2022-08-26,Healthcare
1mg,651.32,2022-07-10,Healthcare
MedPlus,342.09,2022-01-30,Healthcare
McDonald's,583.02,2023-08-30,Dining
MedPlus,285.31,2022-01-05,Healthcare
Swiggy,141.45,2022-10-13,Dining
Spotify,854.91,2022-04-15,Entertainment
Google Pay,803.26,2023-01-10,Others
Flipkart,593.22,2023-04-14,Shopping
Hotstar,158.83,2023-11-18,Entertainment
Unacademy,446.08,2023-10-17,Education
Tata CLiQ,223.9,2023-02-02,Shopping
Fortis Hospital,48.03,2022-04-27,Healthcare
Myntra,1246.35,2023-04-14,Shopping
BSNL Bill,73.57,2023-09-22,Utilities
Netflix,1500.25,2022-11-17,Entertainment
Netflix,295.3,2022-11-09,Entertainment
Netflix,102.37,2023-01-18,Entertainment
Indane Gas,390.33,2023-02-02,Utilities
Fortis Hospital,1031.57,2022-05-22,Healthcare
MedPlus,658.8,2022-07-10,Healthcare
Unacademy,821.4,2023-12-12,Education
Indane Gas,537.62,2022-06-20,Utilities
BYJU'S,589.28,2022-05-24,Education
BSNL Bill,945.89,2023-04-07,Utilities
D-Mart,143.62,2022-01-10,Groceries
Udemy,336.11,2022-07-19,Education
Fortis Hospital,125.01,2023-06-02,Healthcare
Vedantu,2197.78,2023-12-03,Education
Vedantu,1441.73,2023-12-29,Education
Vedantu,20.11,2022-06-21,Education
Spotify,611.37,2022-02-01,Entertainment
Domino's,1296.79,2022-02-03,Dining
Ola,99.58,2023-07-05,Travel
Ola,419.6,2023-04-14,Travel
Unacademy,1235.43,2023-06-08,Education
Spotify,17.27,2022-04-27,Entertainment
Indigo Airlines,597.71,2023-01-11,Travel
Paytm Recharge,176.45,2023-03-28,Others
Google Pay,1291.12,2023-03-12,Others
Netflix,1771.23,2022-11-01,Entertainment
Spencer's,1443.59,2022-09-27,Groceries
Amazon,321.43,2023-03-26,Shopping
Netflix,990.41,2022-08-03,Entertainment
Tata CLiQ,930.71,2023-10-10,Shopping
1mg,192.17,2023-09-23,Healthcare
Mahanagar Gas,882.8,2022-07-31,Utilities
Nature's Basket,18.85,2022-12-26,Groceries
PhonePe,453.5,2023-09-04,Others
Google Pay,130.69,2022-11-28,Others
IRCTC,64.24,2023-08-10,Travel
Indigo Airlines,40.04,2023-11-27,Travel
Netflix,595.84,2023-02-26,Entertainment
D-Mart,207.66,2023-11-03,Groceries
Mahanagar Gas,645.07,2022-09-13,Utilities
BSNL Bill,33.79,2022-09-11,Utilities
MedPlus,189.38,2022-05-26,Healthcare
Air India,387.71,2023-01-20,Travel
Coursera,782.05,2023-10-11,Education
BookMyShow,191.91,2023-06-12,Entertainment
IRCTC,491.6,2023-04-11,Travel
BYJU'S,1085.68,2023-08-19,Education
Big Bazaar,478.38,2023-04-15,Groceries
Amazon,132.61,2023-07-02,Shopping
1mg,12.35,2023-03-16,Healthcare
McDonald's,1020.49,2022-10-02,Dining
Myntra,10.75,2022-12-12,Shopping
UPI Transfer,1038.53,2022-05-14,Others
BYJU'S,376.38,2023-11-30,Education
Big Bazaar,1399.0,2022-04-12,Groceries
Coursera,801.69,2022-05-08,Education
Water Board,3091.1,2023-04-13,Utilities
Spencer's,215.94,2022-07-27,Groceries
BSNL Bill,728.76,2022-06-12,Utilities
Uber,257.02,2023-11-02,Travel
Myntra,326.84,2022-03-26,Shopping
Flipkart,493.77,2022-02-23,Shopping
Practo,1034.46,2023-12-18,Healthcare
McDonald's,2070.2,2023-11-03,Dining
PVR Cinemas,731.1,2022-01-02,Entertainment
McDonald's,270.44,2022-03-21,Dining
Indane Gas,273.53,2022-08-20,Utilities
ATM Withdrawal,668.91,2022-01-10,Others
D-Mart,136.41,2022-05-04,Groceries
1mg,58.53,2023-05-05,Healthcare
Netflix,218.96,2023-01-28,Entertainment
PVR Cinemas,169.3,2022-04-16,Entertainment
Myntra,175.71,2022-11-03,Shopping
Water Board,133.03,2022-05-17,Utilities
BESCOM,21.5,2023-06-28,Utilities
Nature's Basket,9.02,2023-10-28,Groceries
Water Board,2199.99,2022-12-26,Utilities
Swiggy,279.11,2023-02-26,Dining
Udemy,242.52,2022-03-30,Education
Netflix,569.17,2022-05-07,Entertainment
Practo,123.11,2023-03-16,Healthcare
Flipkart,1497.48,2022-09-11,Shopping
Uber,771.7,2022-09-12,Travel
UPI Transfer,46.83,2023-09-07,Others
Uber,270.28,2023-11-06,Travel
Ola,1056.47,2023-06-15,Travel
Google Pay,1447.78,2023-02-06,Others
Uber,314.99,2022-09-03,Travel
Vedantu,475.2,2022-04-26,Education
McDonald's,91.38,2023-10-16,Dining
Spotify,2364.72,2022-01-13,Entertainment
Myntra,131.77,2022-05-16,Shopping
Fortis Hospital,1430.0,2023-03-07,Healthcare
Tata CLiQ,524.41,2023-12-01,Shopping
Water Board,467.91,2022-03-16,Utilities
Nature's Basket,359.43,2022-03-11,Groceries
D-Mart,131.12,2022-08-09,Groceries
Big Bazaar,97.11,2023-02-12,Groceries
PhonePe,124.54,2023-10-06,Others
ATM Withdrawal,103.17,2023-03-10,Others
Apollo Pharmacy,756.12,2023-10-18,Healthcare
UPI Transfer,215.49,2023-09-23,Others
BSNL Bill,29.79,2022-03-27,Utilities
Uber,1738.54,2023-06-08,Travel
Swiggy,1076.16,2023-07-04,Dining
Ajio,1313.83,2023-08-24,Shopping
Hotstar,2640.02,2023-12-17,Entertainment
1mg,95.52,2022-03-01,Healthcare
Zomato,252.29,2023-03-21,Dining
BookMyShow,709.9,2023-09-19,Entertainment
D-Mart,595.4,2023-11-14,Groceries
BESCOM,83.56,2022-01-13,Utilities
BESCOM,845.96,2022-06-17,Utilities
BYJU'S,127.09,2023-06-20,Education
PhonePe,126.68,2022-06-20,Others
Flipkart,384.99,2022-10-03,Shopping
PVR Cinemas,449.4,2022-12-10,Entertainment
Practo,433.85,2023-06-21,Healthcare
Hotstar,47.97,2023-12-31,Entertainment
BookMyShow,1049.66,2023-04-12,Entertainment
PhonePe,154.35,2022-02-26,Others
Unacademy,69.35,2022-06-20,Education
Flipkart,1097.98,2022-09-19,Shopping
Spotify,1557.84,2023-11-22,Entertainment
Netflix,990.71,2023-06-06,Entertainment
Big Bazaar,829.09,2022-01-13,Groceries
Zomato,532.46,2023-04-29,Dining
Ajio,400.21,2022-06-03,Shopping
BESCOM,45.5,2023-07-21,Utilities
1mg,262.51,2022-11-26,Healthcare
McDonald's,233.16,2022-11-24,Dining
Uber,150.39,2023-08-09,Travel
Amazon,642.63,2023-05-30,Shopping
Reliance Fresh,342.47,2022-08-17,Groceries
Paytm Recharge,42.26,2023-02-15,Others
BookMyShow,124.35,2022-10-17,Entertainment
IRCTC,574.84,2022-03-30,Travel
ATM Withdrawal,39.59,2022-01-09,Others
Flipkart,952.6,2022-10-26,Shopping
Indigo Airlines,341.74,2022-09-06,Travel
BYJU'S,327.53,2023-08-29,Education
Udemy,448.74,2023-07-14,Education
Swiggy,870.57,2022-01-07,Dining
Apollo Pharmacy,213.71,2022-08-27,Healthcare
PhonePe,566.63,2023-10-14,Others
D-Mart,417.05,2022-01-02,Groceries
Practo,155.32,2022-04-17,Healthcare
Barbeque Nation,1054.46,2022-09-01,Dining
MedPlus,798.33,2022-03-03,Healthcare
BSNL Bill,537.13,2022-04-06,Utilities
Reliance Fresh,950.5,2023-06-17,Groceries
Practo,1009.81,2023-04-15,Healthcare
Spotify,616.12,2022-04-08,Entertainment
Google Pay,907.04,2023-10-15,Others
Apollo Pharmacy,597.79,2023-08-30,Healthcare
Spencer's,569.94,2023-11-10,Groceries
Mahanagar Gas,481.97,2022-10-26,Utilities
IRCTC,698.61,2023-02-07,Travel
Myntra,86.35,2023-04-09,Shopping
Ola,1063.77,2022-03-18,Travel
Swiggy,1027.25,2023-08-22,Dining
Netflix,14.84,2022-04-19,Entertainment
Water Board,873.82,2023-04-23,Utilities
Ajio,68.98,2022-05-04,Shopping
PhonePe,204.07,2022-08-01,Others
BYJU'S,680.33,2023-04-20,Education
Uber,87.63,2022-04-03,Travel
BSNL Bill,851.78,2023-12-23,Utilities
Reliance Fresh,892.3,2022-12-02,Groceries
BESCOM,354.1,2023-12-30,Utilities
Domino's,3.2,2023-02-10,Dining
Paytm Recharge,169.16,2023-11-25,Others
IRCTC,479.76,2022-06-28,Travel
Spencer's,1986.58,2023-04-09,Groceries
UPI Transfer,499.58,2022-09-13,Others
BookMyShow,150.42,2022-04-15,Entertainment
BESCOM,502.57,2022-01-13,Utilities
Reliance Fresh,388.25,2022-05-14,Groceries
McDonald's,756.71,2023-01-17,Dining
Spotify,56.57,2023-08-24,Entertainment
Uber,715.7,2022-01-23,Travel
Netflix,389.64,2023-10-24,Entertainment
Udemy,1648.31,2022-04-05,Education
Amazon,209.18,2022-02-13,Shopping
Coursera,500.68,2022-06-22,Education
MedPlus,1344.33,2023-05-24,Healthcare
Spencer's,54.08,2023-12-01,Groceries
1mg,1384.13,2022-12-29,Healthcare
Swiggy,582.19,2022-10-09,Dining
Air India,35.12,2022-06-02,Travel
Nature's Basket,179.03,2023-09-27,Groceries
Domino's,615.8,2023-05-26,Dining
Fortis Hospital,34.86,2023-05-06,Healthcare
Big Bazaar,436.34,2022-10-14,Groceries
1mg,212.23,2023-03-06,Healthcare
Barbeque Nation,485.0,2022-09-13,Dining
Paytm Recharge,23.41,2023-01-27,Others
Ajio,1026.06,2023-07-12,Shopping
BYJU'S,1815.1,2023-08-03,Education
PhonePe,1734.92,2023-02-02,Others
Ola,692.45,2022-01-27,Travel
Tata CLiQ,69.68,2022-08-13,Shopping
D-Mart,709.95,2022-03-01,Groceries
Unacademy,12.45,2023-01-02,Education
Swiggy,11.19,2022-04-13,Dining
Swiggy,195.49,2022-09-30,Dining
Paytm Recharge,335.34,2022-08-13,Others
Practo,735.72,2022-06-27,Healthcare
Mahanagar Gas,574.89,2023-08-30,Utilities
Myntra,295.21,2023-08-29,Shopping
D-Mart,159.85,2023-08-05,Groceries
Indane Gas,2925.76,2022-07-12,Utilities
Unacademy,277.72,2022-11-13,Education
Water Board,300.18,2022-02-08,Utilities
PVR Cinemas,89.34,2022-08-27,Entertainment
Zomato,791.91,2023-06-24,Dining
Coursera,591.57,2022-12-06,Education
Swiggy,124.72,2022-12-15,Dining
BSNL Bill,42.99,2022-03-02,Utilities
Reliance Fresh,570.5,2023-08-24,Groceries
BESCOM,531.4,2023-06-23,Utilities
Amazon,159.59,2023-01-18,Shopping
Fortis Hospital,1506.58,2022-04-14,Healthcare
Myntra,81.88,2022-11-27,Shopping
Mahanagar Gas,283.11,2023-03-24,Utilities
BYJU'S,1437.78,2022-06-28,Education
UPI Transfer,272.13,2023-01-01,Others
Barbeque Nation,508.78,2022-06-29,Dining
Practo,253.41,2023-12-07,Healthcare
Ola,160.25,2022-07-01,Travel
Nature's Basket,2066.89,2023-02-05,Groceries
Reliance Fresh,263.25,2023-09-09,Groceries
Tata CLiQ,1122.63,2022-08-15,Shopping
BookMyShow,130.65,2022-05-25,Entertainment
Amazon,119.83,2022-09-01,Shopping
Myntra,15.81,2022-06-21,Shopping
Hotstar,527.3,2023-04-03,Entertainment
D-Mart,229.85,2022-08-03,Groceries
Zomato,998.87,2022-12-25,Dining
Uber,320.48,2022-01-02,Travel
Spencer's,1724.04,2023-03-25,Groceries
1mg,102.61,2023-02-28,Healthcare
Vedantu,1014.84,2022-12-26,Education
ATM Withdrawal,749.39,2022-04-14,Others
Unacademy,736.85,2023-10-29,Education
Swiggy,931.47,2023-04-08,Dining
PVR Cinemas,715.7,2022-10-29,Entertainment
D-Mart,492.04,2022-09-25,Groceries
PVR Cinemas,70.35,2022-12-17,Entertainment
Water Board,16.53,2022-06-14,Utilities
Spotify,1268.19,2022-04-06,Entertainment
Tata CLiQ,479.4,2023-09-21,Shopping
Coursera,796.14,2023-03-18,Education
Indane Gas,328.43,2023-03-21,Utilities
BESCOM,62.39,2022-04-14,Utilities
Flipkart,66.87,2022-07-14,Shopping
Fortis Hospital,578.49,2023-07-08,Healthcare
IRCTC,281.33,2022-11-01,Travel
Zomato,111.9,2022-02-20,Dining
Fortis Hospital,338.24,2023-07-17,Healthcare
Udemy,33.18,2022-02-25,Education
Amazon,436.1,2023-03-14,Shopping
Hotstar,156.67,2023-11-09,Entertainment
Udemy,798.65,2022-04-10,Education
Reliance Fresh,185.79,2022-06-24,Groceries
Uber,303.69,2023-04-30,Travel
Hotstar,5.84,2023-02-12,Entertainment
Vedantu,37.6,2023-11-08,Education
Uber,249.2,2023-10-20,Travel
ATM Withdrawal,326.9,2022-07-09,Others
Ajio,458.17,2023-01-14,Shopping
Water Board,172.42,2022-02-15,Utilities
Air India,593.69,2023-04-22,Travel
Ola,983.49,2022-10-03,Travel
Reliance Fresh,756.73,2023-12-15,Groceries
PVR Cinemas,20.21,2023-11-16,Entertainment
Tata CLiQ,327.45,2023-02-28,Shopping
Barbeque Nation,55.43,2022-03-04,Dining
Fortis Hospital,138.57,2023-03-05,Healthcare
ATM Withdrawal,2158.59,2023-08-10,Others
McDonald's,76.86,2022-11-03,Dining
BookMyShow,345.46,2022-02-05,Entertainment
UPI Transfer,481.37,2023-06-14,Others
BESCOM,606.11,2023-04-05,Utilities
Mahanagar Gas,410.09,2022-08-05,Utilities
Swiggy,4.91,2022-02-13,Dining
Apollo Pharmacy,197.6,2023-12-01,Healthcare
1mg,364.61,2023-10-05,Healthcare
Indane Gas,45.98,2022-09-22,Utilities
Amazon,215.87,2022-03-31,Shopping
Fortis Hospital,16.88,2023-02-11,Healthcare
PhonePe,40.92,2022-10-10,Others
ATM Withdrawal,252.86,2022-01-13,Others
ATM Withdrawal,71.19,2022-04-26,Others
1mg,419.13,2022-06-01,Healthcare
PVR Cinemas,584.73,2023-07-31,Entertainment
Hotstar,806.19,2023-07-03,Entertainment
Ajio,111.67,2022-09-28,Shopping
MedPlus,91.65,2023-08-09,Healthcare
Coursera,55.22,2022-06-26,Education
Air India,505.89,2022-05-28,Travel
Apollo Pharmacy,612.9,2023-02-10,Healthcare
Flipkart,16.05,2022-02-20,Shopping
BYJU'S,1376.1,2023-01-17,Education
D-Mart,26.69,2022-11-07,Groceries
IRCTC,389.68,2023-05-19,Travel
Netflix,617.32,2022-05-18,Entertainment
Air India,1023.85,2022-11-25,Travel
Air India,626.03,2023-09-12,Travel
Netflix,809.06,2023-03-29,Entertainment
McDonald's,207.34,2023-05-12,Dining
PhonePe,843.23,2022-02-27,Others
Google Pay,41.75,2022-03-09,Others
Indigo Airlines,1126.03,2023-02-18,Travel
Indane Gas,396.59,2023-08-06,Utilities
Reliance Fresh,849.95,2022-07-17,Groceries
Zomato,301.03,2022-09-13,Dining
Spencer's,515.82,2022-02-21,Groceries
Flipkart,373.7,2022-10-08,Shopping
Ajio,657.62,2023-06-02,Shopping
Apollo Pharmacy,42.58,2023-11-29,Healthcare
Reliance Fresh,31.13,2023-01-17,Groceries
Unacademy,141.91,2023-04-02,Education
Water Board,86.91,2023-08-24,Utilities
PhonePe,1027.02,2022-12-19,Others
BSNL Bill,123.73,2023-12-07,Utilities
Hotstar,1862.05,2022-01-29,Entertainment
Apollo Pharmacy,205.41,2022-06-16,Healthcare
Swiggy,100.52,2023-10-25,Dining
Swiggy,779.61,2022-10-03,Dining
Fortis Hospital,537.51,2022-01-21,Healthcare
Spencer's,344.77,2022-05-16,Groceries
Indane Gas,405.25,2022-01-09,Utilities
Domino's,635.06,2023-09-15,Dining
IRCTC,129.68,2023-03-10,Travel
Practo,2804.32,2023-04-16,Healthcare
Ola,1840.32,2023-04-23,Travel
Indigo Airlines,525.38,2023-10-01,Travel
Fortis Hospital,111.29,2022-04-15,Healthcare
Nature's Basket,570.07,2023-11-10,Groceries
Tata CLiQ,37.47,2023-10-25,Shopping
IRCTC,15.57,2023-12-02,Travel
BookMyShow,148.99,2022-03-07,Entertainment
Myntra,310.53,2023-10-18,Shopping
Myntra,1013.51,2022-09-25,Shopping
Ola,649.45,2022-06-03,Travel
Google Pay,678.77,2022-02-28,Others
Practo,277.12,2023-11-29,Healthcare
BESCOM,212.27,2023-11-03,Utilities
BYJU'S,231.84,2022-09-23,Education
MedPlus,2197.03,2023-02-02,Healthcare
Nature's Basket,20.47,2023-12-27,Groceries
Domino's,1008.82,2024-01-01,Dining
Barbeque Nation,432.18,2023-10-16,Dining
BYJU'S,288.67,2023-06-04,Education
Ola,645.96,2023-11-05,Travel
Google Pay,333.42,2022-10-28,Others
BookMyShow,1033.45,2022-05-12,Entertainment
Indigo Airlines,1154.81,2022-07-07,Travel
Amazon,273.85,2022-08-16,Shopping
Flipkart,162.05,2022-11-11,Shopping
Practo,448.67,2023-01-16,Healthcare
Indigo Airlines,1217.28,2022-10-29,Travel
Coursera,118.28,2023-04-27,Education
Nature's Basket,487.71,2023-08-18,Groceries
BookMyShow,499.24,2022-07-19,Entertainment
Paytm Recharge,660.47,2023-11-29,Others
Fortis Hospital,70.53,2022-11-02,Healthcare
Apollo Pharmacy,629.08,2022-06-04,Healthcare
Mahanagar Gas,1198.63,2022-12-17,Utilities
Fortis Hospital,99.03,2023-04-14,Healthcare
BSNL Bill,135.6,2022-07-04,Utilities
BookMyShow,1777.09,2022-12-07,Entertainment
BSNL Bill,99.82,2023-10-12,Utilities
Big Bazaar,963.39,2023-04-08,Groceries
Ola,338.91,2022-06-22,Travel
Water Board,142.0,2022-04-01,Utilities
Indane Gas,1023.0,2023-03-21,Utilities
MedPlus,294.67,2023-03-16,Healthcare
Vedantu,361.61,2022-01-05,Education
Nature's Basket,222.54,2022-07-24,Groceries
Amazon,449.41,2022-11-26,Shopping
Google Pay,89.28,2022-01-19,Others
Reliance Fresh,248.04,2022-08-20,Groceries
Myntra,1743.58,2022-05-13,Shopping
BookMyShow,149.29,2023-05-31,Entertainment
Ola,534.63,2022-03-08,Travel
D-Mart,196.66,2022-10-25,Groceries
Unacademy,742.45,2023-09-03,Education
PhonePe,70.13,2023-03-21,Others
BSNL Bill,1750.31,2023-05-17,Utilities
Flipkart,302.38,2022-06-18,Shopping
Apollo Pharmacy,134.63,2022-08-22,Healthcare
Swiggy,38.17,2022-08-05,Dining
Nature's Basket,93.02,2023-06-01,Groceries
BESCOM,366.75,2023-01-11,Utilities
Spencer's,205.49,2023-10-18,Groceries
Indigo Airlines,882.7,2023-10-01,Travel
Nature's Basket,281.84,2022-02-19,Groceries
PVR Cinemas,142.98,2022-02-19,Entertainment
BookMyShow,480.05,2023-03-31,Entertainment
Apollo Pharmacy,613.41,2023-07-15,Healthcare
Air India,91.39,2023-12-20,Travel
Mahanagar Gas,91.73,2023-12-13,Utilities
D-Mart,18.68,2023-03-07,Groceries
Spotify,666.67,2022-10-04,Entertainment
Water Board,545.03,2022-04-18,Utilities
UPI Transfer,321.83,2022-05-01,Others
Uber,929.5,2022-04-19,Travel
Udemy,819.1,2023-09-16,Education
Domino's,440.17,2023-06-20,Dining
Domino's,1013.51,2023-12-22,Dining
Practo,115.24,2022-06-14,Healthcare
Nature's Basket,59.35,2023-05-24,Groceries
McDonald's,157.18,2022-12-05,Dining
Zomato,29.39,2022-01-14,Dining
PVR Cinemas,378.76,2023-08-11,Entertainment
Udemy,1379.19,2022-04-03,Education
Paytm Recharge,20.07,2022-04-14,Others
Ola,65.12,2023-04-13,Travel
IRCTC,300.92,2023-04-21,Travel
Big Bazaar,1358.1,2022-06-28,Groceries
D-Mart,190.01,2023-01-04,Groceries
Ajio,353.86,2022-04-29,Shopping
PVR Cinemas,21.23,2022-01-10,Entertainment
Mahanagar Gas,80.29,2022-12-03,Utilities
Ajio,2157.38,2023-09-29,Shopping
Uber,1677.9,2023-01-17,Travel
Flipkart,2.48,2022-04-27,Shopping
MedPlus,1516.32,2023-04-13,Healthcare
Air India,509.6,2023-12-08,Travel
Vedantu,1012.17,2023-10-27,Education
BESCOM,303.25,2022-05-16,Utilities
Reliance Fresh,362.42,2022-04-17,Groceries
Fortis Hospital,335.54,2023-05-10,Healthcare
Udemy,549.6,2023-09-18,Education
Practo,75.21,2023-09-19,Healthcare
Reliance Fresh,15.22,2023-05-10,Groceries
Coursera,184.03,2023-02-26,Education
Coursera,609.85,2022-03-06,Education
IRCTC,112.73,2022-01-13,Travel
UPI Transfer,559.56,2023-08-02,Others
Domino's,1751.82,2023-06-16,Dining
UPI Transfer,49.3,2022-04-08,Others
1mg,558.29,2023-05-09,Healthcare
Ajio,293.27,2022-06-02,Shopping
UPI Transfer,1013.02,2022-02-25,Others
Reliance Fresh,97.49,2023-06-02,Groceries
Vedantu,589.84,2022-06-19,Education
BookMyShow,910.44,2022-11-25,Entertainment
Domino's,1446.72,2022-10-12,Dining
Nature's Basket,574.82,2022-08-17,Groceries
ATM Withdrawal,343.76,2023-02-17,Others
Zomato,480.97,2023-04-16,Dining
Unacademy,1015.92,2023-04-04,Education
BookMyShow,422.69,2023-04-03,Entertainment
Amazon,15.43,2023-05-25,Shopping
Big Bazaar,1336.45,2023-02-18,Groceries
Apollo Pharmacy,584.83,2023-07-25,Healthcare
Paytm Recharge,564.3,2022-04-04,Others
Indigo Airlines,121.47,2023-07-30,Travel
McDonald's,537.77,2022-12-16,Dining
Amazon,250.33,2022-08-17,Shopping
BYJU'S,526.68,2023-07-28,Education
BYJU'S,56.36,2023-04-09,Education
PVR Cinemas,536.25,2023-11-06,Entertainment
Zomato,3720.86,2022-12-16,Dining
Myntra,24.71,2023-07-15,Shopping
PhonePe,1889.93,2023-12-20,Others
PVR Cinemas,261.2,2022-06-18,Entertainment
Udemy,1023.02,2023-02-24,Education
Hotstar,762.52,2023-09-18,Entertainment
Swiggy,418.53,2022-05-04,Dining
1mg,670.56,2023-04-14,Healthcare
Domino's,1053.98,2022-04-21,Dining
Apollo Pharmacy,258.88,2023-10-11,Healthcare
BookMyShow,198.03,2023-04-14,Entertainment
Google Pay,550.7,2023-05-26,Others
Nature's Basket,824.73,2022-02-19,Groceries
ATM Withdrawal,718.34,2023-08-23,Others
Unacademy,799.28,2022-07-01,Education
Mahanagar Gas,285.98,2022-04-17,Utilities
Fortis Hospital,851.42,2023-09-13,Healthcare
Tata CLiQ,64.04,2023-01-29,Shopping
Fortis Hospital,393.17,2023-12-11,Healthcare
Domino's,2.89,2023-02-12,Dining
Myntra,196.21,2023-04-09,Shopping
Mahanagar Gas,228.22,2023-02-27,Utilities
PhonePe,252.23,2023-12-20,Others
PhonePe,594.49,2023-12-30,Others
Google Pay,245.97,2022-07-25,Others
Barbeque Nation,297.73,2022-10-25,Dining
Flipkart,135.61,2023-12-29,Shopping
Indane Gas,233.61,2023-07-10,Utilities
Amazon,128.91,2022-12-27,Shopping
ATM Withdrawal,38.01,2023-08-20,Others
Fortis Hospital,462.47,2022-10-20,Healthcare
Apollo Pharmacy,551.63,2023-06-20,Healthcare
PVR Cinemas,483.12,2023-01-26,Entertainment
BESCOM,311.34,2023-11-18,Utilities
Reliance Fresh,238.85,2022-10-01,Groceries
BSNL Bill,995.11,2023-12-01,Utilities
Ola,366.03,2022-03-05,Travel
Ola,326.18,2023-07-09,Travel
D-Mart,12.99,2023-04-09,Groceries
Spotify,208.7,2023-11-23,Entertainment
Google Pay,239.18,2023-10-25,Others
ATM Withdrawal,254.43,2022-09-01,Others
PhonePe,433.96,2023-12-11,Others
Spencer's,381.36,2023-02-01,Groceries
Practo,468.13,2023-07-20,Healthcare
Big Bazaar,723.84,2022-09-15,Groceries
Barbeque Nation,838.29,2023-03-30,Dining
Domino's,633.14,2023-08-26,Dining
UPI Transfer,1556.4,2022-07-21,Others
Domino's,9.2,2023-04-05,Dining
BESCOM,108.94,2022-07-11,Utilities
Indane Gas,3.8,2022-05-03,Utilities
Apollo Pharmacy,521.32,2023-03-15,Healthcare
Indigo Airlines,1141.54,2022-09-28,Travel
Mahanagar Gas,139.51,2023-08-22,Utilities
Uber,1308.88,2022-12-05,Travel
Udemy,31.08,2022-02-10,Education
BSNL Bill,1362.36,2023-09-04,Utilities
Nature's Basket,216.64,2023-11-09,Groceries
Air India,53.47,2023-08-10,Travel
PhonePe,332.64,2022-03-16,Others
Tata CLiQ,148.38,2022-08-14,Shopping
Indane Gas,167.65,2022-03-11,Utilities
Google Pay,183.57,2023-03-02,Others
UPI Transfer,812.34,2023-02-18,Others
Hotstar,387.35,2022-08-15,Entertainment
Domino's,186.48,2022-12-06,Dining
Myntra,471.23,2022-08-12,Shopping
ATM Withdrawal,629.66,2023-07-29,Others
Big Bazaar,159.16,2023-11-16,Groceries
Ajio,266.83,2022-09-04,Shopping
Zomato,64.99,2023-11-30,Dining
Ajio,99.93,2022-04-27,Shopping
Practo,571.47,2023-07-08,Healthcare
Uber,100.1,2023-06-14,Travel
Tata CLiQ,372.39,2023-06-05,Shopping
Vedantu,617.3,2022-02-14,Education
Ola,56.52,2022-11-25,Travel
Paytm Recharge,418.87,2022-04-09,Others
Indane Gas,148.24,2023-07-01,Utilities
Big Bazaar,1647.43,2022-08-04,Groceries
McDonald's,330.38,2022-04-17,Dining
Barbeque Nation,819.93,2023-12-21,Dining
Apollo Pharmacy,399.51,2023-12-04,Healthcare
BESCOM,22.19,2023-04-16,Utilities
Amazon,501.4,2022-03-31,Shopping
PVR Cinemas,1512.1,2022-07-02,Entertainment
Indigo Airlines,460.16,2022-03-14,Travel
Domino's,855.15,2023-02-22,Dining
MedPlus,1077.97,2023-10-08,Healthcare
MedPlus,129.44,2022-11-20,Healthcare
Spencer's,119.16,2023-11-21,Groceries
Spotify,472.06,2022-01-07,Entertainment
Spotify,264.69,2022-02-16,Entertainment
Hotstar,915.86,2023-05-30,Entertainment
Hotstar,1151.41,2023-12-04,Entertainment
Indigo Airlines,218.03,2022-03-30,Travel
Air India,135.16,2023-01-26,Travel
Apollo Pharmacy,758.26,2023-05-01,Healthcare
Indane Gas,160.66,2022-08-14,Utilities
Water Board,864.71,2023-07-13,Utilities
Ola,275.6,2022-11-02,Travel
Amazon,550.63,2023-07-21,Shopping
Google Pay,50.21,2022-05-07,Others
Big Bazaar,488.9,2023-08-10,Groceries
Fortis Hospital,300.53,2023-07-15,Healthcare
Hotstar,441.68,2022-08-04,Entertainment
Flipkart,91.97,2023-02-27,Shopping
Google Pay,667.56,2022-06-14,Others
Mahanagar Gas,993.15,2023-09-24,Utilities
Ola,122.15,2022-04-28,Travel
Indane Gas,50.31,2022-02-25,Utilities
ATM Withdrawal,11.96,2023-10-23,Others
Paytm Recharge,513.57,2022-10-25,Others
Hotstar,467.09,2022-04-11,Entertainment
Barbeque Nation,395.6,2023-05-14,Dining
Myntra,131.95,2022-05-12,Shopping
Zomato,247.89,2022-10-19,Dining
Netflix,451.29,2022-11-22,Entertainment
Vedantu,343.35,2022-12-03,Education
Indigo Airlines,2202.57,2022-06-06,Travel
Myntra,73.35,2023-03-15,Shopping
BESCOM,593.96,2022-11-17,Utilities
Swiggy,259.02,2023-12-31,Dining
Practo,279.48,2023-01-04,Healthcare
BSNL Bill,632.21,2023-05-07,Utilities
Vedantu,589.54,2023-01-03,Education
Air India,2369.69,2023-07-19,Travel
Netflix,68.71,2023-10-24,Entertainment
Hotstar,54.97,2022-05-24,Entertainment
Google Pay,644.29,2022-09-27,Others
PVR Cinemas,431.83,2022-01-20,Entertainment
Paytm Recharge,160.21,2023-08-19,Others
Fortis Hospital,41.38,2022-08-06,Healthcare
Nature's Basket,44.78,2022-09-24,Groceries
UPI Transfer,1123.06,2023-04-29,Others
BSNL Bill,106.51,2023-02-06,Utilities
Barbeque Nation,195.32,2022-10-25,Dining
Water Board,128.52,2023-05-29,Utilities
Paytm Recharge,219.25,2023-02-11,Others
Tata CLiQ,35.98,2022-01-11,Shopping
Barbeque Nation,366.01,2023-12-02,Dining
Indane Gas,35.0,2022-05-24,Utilities
Udemy,805.61,2022-07-03,Education
Water Board,133.1,2023-01-03,Utilities
Reliance Fresh,388.28,2023-05-15,Groceries
Zomato,1060.46,2022-09-28,Dining
Flipkart,526.17,2022-02-13,Shopping
Barbeque Nation,380.67,2023-01-05,Dining
MedPlus,196.03,2023-04-11,Healthcare
Big Bazaar,202.48,2023-10-27,Groceries
Amazon,553.55,2023-12-22,Shopping
PhonePe,2569.75,2022-09-27,Others
UPI Transfer,542.12,2022-06-28,Others
MedPlus,407.98,2023-01-10,Healthcare
Spotify,655.87,2022-09-15,Entertainment
1mg,312.94,2023-06-13,Healthcare
Practo,31.01,2022-12-20,Healthcare
Vedantu,413.11,2023-09-11,Education
Nature's Basket,1580.6,2022-05-23,Groceries
Udemy,96.37,2022-08-24,Education
Spotify,585.6,2023-10-21,Entertainment
Ola,112.16,2022-06-03,Travel
Mahanagar Gas,383.75,2023-01-06,Utilities
Netflix,50.84,2023-03-01,Entertainment
Amazon,299.26,2023-05-09,Shopping
Vedantu,705.63,2022-08-04,Education
Water Board,213.53,2022-01-23,Utilities
Zomato,546.68,2022-05-11,Dining
Mahanagar Gas,793.47,2023-10-07,Utilities
Paytm Recharge,1309.87,2023-08-10,Others
BESCOM,133.71,2022-06-20,Utilities
Ola,254.84,2023-06-14,Travel
Fortis Hospital,82.68,2023-08-01,Healthcare
D-Mart,2445.33,2022-03-29,Groceries
McDonald's,1308.65,2023-09-14,Dining
Vedantu,388.22,2022-06-24,Education
McDonald's,922.69,2023-09-08,Dining
Indane Gas,367.98,2022-07-06,Utilities
PhonePe,488.53,2022-06-21,Others
Ajio,46.67,2023-09-03,Shopping
Netflix,703.8,2023-01-23,Entertainment
1mg,68.32,2022-04-22,Healthcare
Reliance Fresh,874.54,2023-06-20,Groceries
ATM Withdrawal,761.69,2022-06-03,Others
Netflix,616.78,2023-05-03,Entertainment
Nature's Basket,18.42,2023-05-31,Groceries
PVR Cinemas,180.58,2023-05-09,Entertainment
Indane Gas,152.66,2023-07-07,Utilities
Spencer's,223.25,2023-06-19,Groceries
Practo,45.86,2022-02-14,Healthcare
ATM Withdrawal,1381.98,2022-08-23,Others
Vedantu,403.5,2022-12-25,Education
BookMyShow,182.3,2022-05-18,Entertainment
Air India,252.9,2022-08-27,Travel
Hotstar,296.38,2023-09-05,Entertainment
ATM Withdrawal,458.89,2022-09-21,Others
Zomato,362.5,2023-12-28,Dining
Nature's Basket,1259.08,2023-06-20,Groceries
Spotify,343.55,2022-01-08,Entertainment
1mg,2424.13,2023-12-06,Healthcare
Ajio,953.33,2023-01-06,Shopping
Netflix,116.92,2023-03-13,Entertainment
IRCTC,1333.9,2023-07-03,Travel
Fortis Hospital,61.86,2023-01-10,Healthcare
Air India,850.36,2022-07-28,Travel
Fortis Hospital,239.52,2023-07-25,Healthcare
Udemy,1051.76,2023-01-15,Education
UPI Transfer,1012.69,2023-05-11,Others
IRCTC,819.76,2023-08-15,Travel
Ajio,780.4,2022-05-22,Shopping
Netflix,181.69,2023-04-03,Entertainment
BESCOM,42.19,2022-08-08,Utilities
ATM Withdrawal,257.9,2022-12-13,Others
UPI Transfer,95.29,2023-12-15,Others
Reliance Fresh,593.64,2023-02-03,Groceries
Big Bazaar,212.4,2022-05-29,Groceries
Unacademy,1856.8,2023-03-22,Education
PVR Cinemas,512.18,2022-09-27,Entertainment
Domino's,864.34,2022-03-23,Dining
Spencer's,71.08,2023-02-15,Groceries
PhonePe,990.3,2023-12-30,Others
Reliance Fresh,1280.4,2023-10-18,Groceries
Vedantu,333.8,2022-01-11,Education
Barbeque Nation,466.02,2022-10-20,Dining
Zomato,723.68,2023-09-06,Dining
UPI Transfer,96.09,2023-12-17,Others
Barbeque Nation,349.15,2022-06-23,Dining
D-Mart,254.3,2022-09-02,Groceries
Reliance Fresh,79.13,2022-03-30,Groceries
Air India,229.06,2022-12-28,Travel
MedPlus,35.3,2023-08-24,Healthcare
Barbeque Nation,13.08,2022-01-16,Dining
PVR Cinemas,72.61,2023-07-17,Entertainment
Indigo Airlines,1649.98,2023-08-20,Travel
Myntra,398.73,2022-10-11,Shopping
Barbeque Nation,1688.09,2022-07-19,Dining
Vedantu,283.26,2023-08-12,Education
D-Mart,186.85,2022-06-29,Groceries
Fortis Hospital,352.75,2022-04-20,Healthcare
Paytm Recharge,289.47,2023-05-31,Others
IRCTC,55.84,2022-04-30,Travel
PhonePe,511.97,2023-07-05,Others
Air India,121.7,2023-01-22,Travel
Udemy,483.25,2022-12-14,Education
Vedantu,525.2,2023-08-24,Education
Spencer's,82.45,2022-04-30,Groceries
Uber,31.66,2023-01-27,Travel
Swiggy,758.8,2022-11-20,Dining
Practo,307.91,2023-06-13,Healthcare
Paytm Recharge,29.96,2023-12-19,Others
Ola,2635.97,2022-10-22,Travel
BookMyShow,29.76,2023-11-21,Entertainment
Amazon,593.78,2023-07-22,Shopping
Water Board,2057.65,2022-11-18,Utilities
Flipkart,136.68,2023-08-11,Shopping
Ola,76.72,2023-12-01,Travel
McDonald's,64.7,2022-07-24,Dining
Swiggy,180.68,2022-09-29,Dining
Swiggy,53.26,2022-07-27,Dining
Barbeque Nation,589.09,2022-12-31,Dining
BESCOM,32.16,2022-05-03,Utilities
BookMyShow,356.09,2023-09-21,Entertainment
Nature's Basket,2856.44,2022-02-13,Groceries
BYJU'S,840.92,2023-09-28,Education
Ajio,477.54,2023-08-12,Shopping
Air India,182.82,2022-07-07,Travel
PhonePe,488.94,2023-02-12,Others
Barbeque Nation,374.37,2022-05-12,Dining
Nature's Basket,277.64,2023-03-10,Groceries
Unacademy,70.04,2022-02-03,Education
PhonePe,1088.44,2023-02-08,Others
Water Board,298.72,2022-05-04,Utilities
ATM Withdrawal,108.22,2022-11-20,Others
Big Bazaar,229.24,2023-11-22,Groceries
McDonald's,267.33,2023-08-18,Dining
Hotstar,878.79,2023-01-06,Entertainment
Ola,661.41,2023-07-16,Travel
Ola,733.33,2022-10-03,Travel
Unacademy,5.55,2022-12-18,Education
Flipkart,269.06,2023-05-26,Shopping
1mg,328.26,2023-03-06,Healthcare
Myntra,9.69,2023-02-15,Shopping
Air India,150.43,2022-07-04,Travel
Indane Gas,714.16,2023-12-04,Utilities
Zomato,73.73,2022-10-04,Dining
Barbeque Nation,383.19,2023-03-19,Dining
1mg,121.16,2022-05-30,Healthcare
Water Board,6.1,2022-01-10,Utilities
Water Board,138.01,2023-05-27,Utilities
Indane Gas,1862.23,2023-07-01,Utilities
Ajio,808.58,2022-11-04,Shopping
Indigo Airlines,1604.17,2023-08-05,Travel
Spencer's,334.57,2022-04-12,Groceries
BESCOM,58.12,2022-08-09,Utilities
Air India,396.99,2023-10-07,Travel
BookMyShow,302.91,2022-12-09,Entertainment
IRCTC,930.1,2023-01-04,Travel
UPI Transfer,51.62,2022-09-21,Others
Amazon,334.95,2023-02-26,Shopping
Hotstar,81.29,2023-11-27,Entertainment
Barbeque Nation,196.28,2023-08-13,Dining
Google Pay,668.48,2022-10-19,Others
Myntra,323.15,2023-11-21,Shopping
ATM Withdrawal,235.71,2023-04-03,Others
BookMyShow,250.83,2023-09-21,Entertainment
Air India,307.58,2023-10-09,Travel
Mahanagar Gas,768.6,2023-10-18,Utilities
Ajio,1113.2,2023-10-09,Shopping
Apollo Pharmacy,1554.28,2022-03-23,Healthcare
BSNL Bill,773.0,2022-08-22,Utilities
Myntra,189.47,2023-10-31,Shopping
IRCTC,582.59,2023-09-12,Travel
Practo,287.77,2023-04-01,Healthcare
Tata CLiQ,146.96,2023-06-18,Shopping
Vedantu,919.02,2022-06-21,Education
BESCOM,19.59,2022-05-09,Utilities
Domino's,1160.18,2023-12-19,Dining
Netflix,309.46,2022-06-20,Entertainment
Apollo Pharmacy,506.95,2022-04-08,Healthcare
BookMyShow,538.46,2023-07-16,Entertainment
Big Bazaar,1127.46,2023-02-11,Groceries
Paytm Recharge,506.22,2022-04-17,Others
Indigo Airlines,475.87,2022-06-09,Travel
BookMyShow,34.49,2022-11-13,Entertainment
Swiggy,365.33,2022-10-18,Dining
Udemy,81.36,2022-05-15,Education
Google Pay,668.63,2022-01-30,Others
D-Mart,358.95,2022-11-30,Groceries
Vedantu,570.07,2023-07-08,Education
Indigo Airlines,21.28,2023-04-01,Travel
Indane Gas,44.3,2022-07-01,Utilities
Unacademy,629.96,2023-03-22,Education
UPI Transfer,37.41,2022-11-14,Others
Ajio,36.96,2023-07-07,Shopping
Zomato,6.09,2023-03-29,Dining
IRCTC,1567.51,2023-02-27,Travel
Ola,668.77,2022-11-07,Travel
Big Bazaar,217.9,2023-06-20,Groceries
BSNL Bill,175.87,2022-10-21,Utilities
Unacademy,215.16,2022-01-09,Education
Vedantu,745.06,2022-11-03,Education
Spencer's,541.42,2022-10-27,Groceries
Zomato,102.4,2023-07-16,Dining
Flipkart,95.65,2023-02-26,Shopping
ATM Withdrawal,51.79,2023-02-09,Others
Swiggy,539.85,2023-10-24,Dining
MedPlus,722.75,2022-08-14,Healthcare
Uber,153.97,2023-03-09,Travel
Barbeque Nation,10.58,2023-09-20,Dining
IRCTC,42.87,2023-10-27,Travel
PhonePe,1718.83,2023-02-27,Others
Zomato,175.09,2022-07-06,Dining
BSNL Bill,733.15,2022-04-24,Utilities
Unacademy,489.97,2023-04-09,Education
Indigo Airlines,240.58,2023-05-19,Travel
Domino's,115.14,2022-01-20,Dining
BESCOM,64.71,2023-07-02,Utilities
Reliance Fresh,477.27,2022-04-15,Groceries
IRCTC,745.01,2022-05-09,Travel
Coursera,516.28,2022-08-27,Education
Netflix,377.83,2022-01-16,Entertainment
Udemy,21.43,2022-12-17,Education
Practo,1728.71,2023-05-26,Healthcare
Ajio,801.51,2023-12-15,Shopping
D-Mart,173.24,2022-03-24,Groceries
BESCOM,1955.27,2022-09-30,Utilities
Apollo Pharmacy,460.5,2023-07-11,Healthcare
Udemy,436.64,2022-07-16,Education
Air India,689.31,2022-01-13,Travel
Netflix,835.04,2023-01-30,Entertainment
Udemy,534.25,2022-02-04,Education
McDonald's,68.54,2022-04-07,Dining
Google Pay,206.45,2023-04-30,Others
Practo,1316.13,2022-11-27,Healthcare
BESCOM,127.2,2023-07-17,Utilities
Paytm Recharge,232.74,2022-09-17,Others
BYJU'S,282.88,2022-07-23,Education
Amazon,289.38,2023-11-14,Shopping
Zomato,474.59,2022-08-30,Dining
Practo,1433.02,2022-01-16,Healthcare
BSNL Bill,137.67,2023-08-22,Utilities
BookMyShow,64.77,2022-09-06,Entertainment
Big Bazaar,109.99,2023-08-19,Groceries
Unacademy,1089.85,2022-06-08,Education
Amazon,518.96,2022-09-12,Shopping
Water Board,168.37,2022-04-04,Utilities
Amazon,846.27,2022-03-03,Shopping
Flipkart,987.97,2023-12-20,Shopping
Paytm Recharge,937.07,2022-05-09,Others
Udemy,1256.2,2022-11-21,Education
PhonePe,145.34,2023-03-26,Others
Zomato,703.33,2023-12-07,Dining
Practo,308.59,2022-05-18,Healthcare
Uber,922.58,2023-05-12,Travel
Unacademy,651.88,2022-10-29,Education
ATM Withdrawal,749.05,2022-07-14,Others
Indane Gas,533.79,2022-12-23,Utilities
Ajio,97.66,2022-10-09,Shopping
Google Pay,393.76,2022-03-12,Others
Google Pay,2088.96,2023-04-06,Others
IRCTC,1385.4,2023-07-09,Travel
Ajio,22.07,2022-01-01,Shopping
ATM Withdrawal,90.05,2022-07-09,Others
Nature's Basket,70.63,2023-01-08,Groceries
Domino's,647.28,2022-03-06,Dining
ATM Withdrawal,851.28,2022-07-14,Others
ATM Withdrawal,120.09,2023-07-19,Others
Indane Gas,352.46,2022-10-17,Utilities
Ajio,918.49,2023-10-19,Shopping
Amazon,659.88,2022-04-09,Shopping
Paytm Recharge,390.7,2022-02-14,Others
Mahanagar Gas,446.22,2022-02-02,Utilities
Zomato,355.0,2023-05-13,Dining
Zomato,176.59,2022-02-02,Dining
MedPlus,416.23,2023-06-23,Healthcare
Uber,583.8,2023-01-11,Travel
Barbeque Nation,1033.06,2022-03-14,Dining
Reliance Fresh,505.7,2023-11-03,Groceries
Coursera,715.9,2023-04-25,Education
D-Mart,87.22,2023-07-26,Groceries
Practo,309.54,2023-12-27,Healthcare
Nature's Basket,4.69,2022-09-30,Groceries
Paytm Recharge,141.63,2022-03-14,Others
Uber,648.16,2022-08-10,Travel
Paytm Recharge,2402.42,2022-04-14,Others
Barbeque Nation,52.22,2023-01-30,Dining
Swiggy,256.66,2023-06-23,Dining
Barbeque Nation,804.9,2023-10-03,Dining
Indane Gas,114.1,2023-07-26,Utilities
Apollo Pharmacy,404.94,2023-10-16,Healthcare
Ajio,660.39,2023-12-21,Shopping
Apollo Pharmacy,478.54,2022-06-20,Healthcare
Indane Gas,104.14,2023-02-16,Utilities
PhonePe,219.55,2023-11-05,Others
Indane Gas,765.76,2023-09-07,Utilities
BYJU'S,403.97,2022-11-19,Education
PhonePe,2.62,2023-01-16,Others
MedPlus,715.63,2022-11-28,Healthcare
Barbeque Nation,17.97,2023-07-13,Dining
McDonald's,684.69,2023-07-18,Dining
IRCTC,113.12,2023-04-09,Travel
Vedantu,1585.92,2022-01-01,Education
D-Mart,229.39,2023-09-03,Groceries
Nature's Basket,197.95,2022-05-19,Groceries
Uber,80.61,2022-11-04,Travel
Swiggy,182.36,2022-11-19,Dining
D-Mart,1046.37,2023-07-21,Groceries
UPI Transfer,2804.37,2023-08-08,Others
BESCOM,229.68,2022-02-08,Utilities
BYJU'S,297.66,2022-06-09,Education
BSNL Bill,640.19,2023-01-11,Utilities
Swiggy,1086.64,2022-09-20,Dining
Uber,449.53,2023-08-08,Travel
Fortis Hospital,248.4,2022-08-11,Healthcare
Hotstar,266.04,2023-05-10,Entertainment
Water Board,594.74,2023-12-08,Utilities
Spotify,1.61,2023-10-20,Entertainment
Uber,483.25,2023-08-14,Travel
Apollo Pharmacy,219.63,2022-02-27,Healthcare
Myntra,790.42,2023-03-21,Shopping
Apollo Pharmacy,48.8,2022-08-21,Healthcare
Spencer's,443.61,2022-02-25,Groceries
Indigo Airlines,327.9,2022-02-12,Travel
Tata CLiQ,514.07,2023-08-02,Shopping
BSNL Bill,33.53,2023-05-30,Utilities
Swiggy,433.73,2022-02-21,Dining
MedPlus,412.18,2023-09-02,Healthcare
Paytm Recharge,411.24,2022-08-16,Others
Practo,462.52,2023-02-08,Healthcare
Mahanagar Gas,564.23,2022-12-11,Utilities
BookMyShow,817.35,2023-08-09,Entertainment
Nature's Basket,157.23,2023-02-13,Groceries
Uber,871.63,2023-02-13,Travel
ATM Withdrawal,344.83,2023-12-16,Others
Mahanagar Gas,40.09,2023-05-08,Utilities
Google Pay,30.17,2023-05-15,Others
Fortis Hospital,203.41,2022-07-20,Healthcare
UPI Transfer,768.32,2023-06-21,Others
Swiggy,614.95,2022-03-15,Dining
Air India,777.04,2022-11-28,Travel
PVR Cinemas,364.15,2023-11-19,Entertainment
MedPlus,290.09,2023-01-10,Healthcare
Flipkart,79.76,2022-11-25,Shopping
Tata CLiQ,198.89,2023-11-03,Shopping
D-Mart,284.6,2022-06-23,Groceries
Tata CLiQ,46.39,2023-03-29,Shopping
Water Board,124.62,2022-02-15,Utilities
Swiggy,455.93,2023-12-03,Dining
Flipkart,665.27,2022-03-29,Shopping
PVR Cinemas,3202.74,2022-09-06,Entertainment
BSNL Bill,1352.38,2022-01-15,Utilities
Amazon,514.4,2022-11-09,Shopping
Vedantu,273.44,2022-01-24,Education
Flipkart,505.54,2023-07-05,Shopping
Swiggy,770.08,2023-07-14,Dining
PhonePe,62.97,2023-07-16,Others
Unacademy,263.74,2022-05-25,Education
Spencer's,915.67,2023-08-20,Groceries
Paytm Recharge,242.12,2022-09-19,Others
BESCOM,424.17,2022-10-18,Utilities
Barbeque Nation,443.09,2022-10-05,Dining
Spencer's,101.96,2023-11-02,Groceries
Big Bazaar,224.89,2023-02-02,Groceries
IRCTC,203.62,2022-04-21,Travel
D-Mart,13.27,2023-10-27,Groceries
1mg,12.24,2023-01-25,Healthcare
Paytm Recharge,890.99,2022-11-20,Others
Unacademy,159.46,2023-06-29,Education
Netflix,364.99,2022-07-23,Entertainment
ATM Withdrawal,177.43,2023-07-29,Others
Big Bazaar,1412.4,2022-09-11,Groceries
PhonePe,150.08,2022-12-08,Others
Vedantu,280.76,2022-06-10,Education
D-Mart,1030.72,2023-12-02,Groceries
Myntra,922.37,2023-10-03,Shopping
Ola,102.96,2023-05-29,Travel
Uber,811.37,2023-10-03,Travel
Air India,306.42,2022-01-31,Travel
PhonePe,329.83,2022-08-19,Others
BSNL Bill,71.64,2023-02-07,Utilities
BESCOM,42.02,2023-01-27,Utilities
UPI Transfer,650.87,2023-10-03,Others
McDonald's,343.05,2022-09-04,Dining
Water Board,287.11,2022-11-16,Utilities
Ajio,653.76,2023-07-10,Shopping
Mahanagar Gas,725.18,2023-10-31,Utilities
Indane Gas,86.53,2023-07-09,Utilities
Swiggy,471.09,2022-11-13,Dining
Google Pay,72.72,2023-03-17,Others
Indane Gas,695.9,2022-06-11,Utilities
Amazon,534.95,2023-07-25,Shopping
Paytm Recharge,1568.82,2022-07-08,Others
Flipkart,35.73,2022-01-31,Shopping
Ajio,29.37,2023-02-26,Shopping
Air India,165.77,2023-10-15,Travel
Ola,151.71,2022-07-12,Travel
Netflix,141.83,2022-07-09,Entertainment
Nature's Basket,1183.59,2023-09-24,Groceries
Indigo Airlines,143.54,2023-08-04,Travel
Barbeque Nation,158.69,2022-08-26,Dining
Zomato,712.31,2023-01-03,Dining
BookMyShow,298.68,2022-05-18,Entertainment
UPI Transfer,749.64,2023-04-26,Others
Flipkart,33.8,2023-02-01,Shopping
Vedantu,334.3,2022-05-21,Education
Mahanagar Gas,17.1,2022-08-20,Utilities
Spencer's,32.35,2022-01-16,Groceries
Air India,1184.56,2022-08-16,Travel
Swiggy,74.97,2022-03-09,Dining
Water Board,380.09,2023-09-24,Utilities
BYJU'S,264.75,2023-04-14,Education
McDonald's,213.35,2023-02-19,Dining
Nature's Basket,1150.46,2023-01-25,Groceries
Ajio,11.03,2023-09-19,Shopping
UPI Transfer,545.01,2023-10-19,Others
Nature's Basket,1653.78,2022-04-22,Groceries
Vedantu,410.68,2022-02-13,Education
Barbeque Nation,1380.9,2023-07-05,Dining
Apollo Pharmacy,26.84,2023-07-26,Healthcare
Fortis Hospital,271.32,2023-10-08,Healthcare
Reliance Fresh,150.66,2022-10-26,Groceries
Vedantu,656.19,2022-11-08,Education
Air India,1989.54,2022-06-20,Travel
Practo,148.21,2023-09-20,Healthcare
Nature's Basket,530.91,2022-05-26,Groceries
Vedantu,110.38,2022-04-03,Education
Paytm Recharge,416.58,2022-07-04,Others
Google Pay,311.75,2023-02-07,Others
Practo,1787.87,2023-04-07,Healthcare
Reliance Fresh,468.92,2023-04-10,Groceries
McDonald's,215.01,2022-04-03,Dining
IRCTC,60.57,2023-12-10,Travel
BESCOM,81.99,2022-04-04,Utilities
BookMyShow,127.65,2023-10-12,Entertainment
Amazon,144.49,2023-06-21,Shopping
Fortis Hospital,950.62,2023-09-19,Healthcare
Water Board,411.88,2023-07-18,Utilities
Apollo Pharmacy,370.53,2022-06-24,Healthcare
Tata CLiQ,60.95,2023-11-07,Shopping
Mahanagar Gas,983.56,2022-05-29,Utilities
BESCOM,641.53,2023-03-06,Utilities
IRCTC,35.03,2023-04-02,Travel
Ola,615.22,2022-05-01,Travel
Mahanagar Gas,392.13,2022-01-04,Utilities
Uber,42.63,2023-04-15,Travel
Vedantu,306.52,2023-07-11,Education
Nature's Basket,331.5,2023-05-21,Groceries
Swiggy,90.63,2023-08-26,Dining
Vedantu,1456.6,2023-02-24,Education
Coursera,948.48,2023-09-08,Education
Reliance Fresh,552.85,2023-07-15,Groceries
Indigo Airlines,310.22,2023-10-06,Travel
Google Pay,265.31,2022-02-20,Others
Mahanagar Gas,526.3,2022-02-26,Utilities
Amazon,394.2,2022-05-29,Shopping
Nature's Basket,32.15,2023-09-10,Groceries
IRCTC,359.24,2022-03-31,Travel
Big Bazaar,820.99,2023-03-03,Groceries
Mahanagar Gas,307.39,2023-11-20,Utilities
Indigo Airlines,26.68,2023-11-08,Travel
Google Pay,771.54,2023-04-12,Others
Amazon,112.42,2022-04-06,Shopping
IRCTC,149.62,2023-01-13,Travel
Apollo Pharmacy,89.99,2023-03-14,Healthcare
Paytm Recharge,200.4,2022-10-27,Others
Udemy,706.84,2022-05-05,Education
IRCTC,366.35,2023-06-24,Travel
Fortis Hospital,114.63,2022-08-03,Healthcare
Barbeque Nation,1051.17,2022-03-01,Dining
Spotify,1058.39,2023-10-07,Entertainment
Paytm Recharge,1022.34,2023-05-11,Others
Air India,136.43,2023-09-16,Travel
Myntra,300.05,2023-06-23,Shopping
Flipkart,2099.51,2023-09-22,Shopping
Unacademy,739.23,2023-10-10,Education
Vedantu,13.77,2022-07-04,Education
Domino's,33.71,2022-07-18,Dining
Big Bazaar,311.75,2022-01-25,Groceries
Coursera,1199.66,2022-08-01,Education
MedPlus,386.86,2022-02-16,Healthcare
Myntra,344.39,2023-07-28,Shopping
Zomato,55.73,2023-10-18,Dining
Domino's,534.69,2022-09-18,Dining
Hotstar,863.28,2022-11-04,Entertainment
UPI Transfer,239.36,2022-11-28,Others
Big Bazaar,747.19,2023-12-04,Groceries
Myntra,1668.78,2023-02-10,Shopping
Reliance Fresh,113.93,2022-07-18,Groceries
Myntra,370.47,2023-11-20,Shopping
Vedantu,169.23,2022-02-06,Education
Water Board,787.17,2022-06-09,Utilities
Unacademy,430.89,2022-12-10,Education
Vedantu,503.36,2022-02-27,Education
PhonePe,799.53,2023-08-02,Others
Tata CLiQ,252.07,2023-07-03,Shopping
Reliance Fresh,1233.08,2023-08-15,Groceries
Myntra,380.74,2022-03-09,Shopping
BSNL Bill,85.96,2022-02-01,Utilities
Ajio,595.2,2023-10-04,Shopping
Google Pay,788.15,2023-08-08,Others
1mg,190.46,2023-09-02,Healthcare
Hotstar,973.08,2023-12-24,Entertainment
Amazon,1182.99,2022-10-06,Shopping
Apollo Pharmacy,162.11,2023-05-24,Healthcare
Domino's,2052.85,2023-04-08,Dining
Ola,75.83,2023-06-22,Travel
Ola,112.83,2022-04-25,Travel
Amazon,101.81,2022-07-26,Shopping
BookMyShow,1122.11,2023-06-03,Entertainment
Spencer's,531.08,2023-05-28,Groceries
Mahanagar Gas,82.5,2022-12-15,Utilities
Unacademy,290.2,2022-11-14,Education
Flipkart,477.64,2022-04-11,Shopping
Google Pay,43.58,2022-07-30,Others
Spencer's,1070.3,2023-02-01,Groceries
Paytm Recharge,813.81,2022-01-05,Others
Uber,351.81,2023-12-05,Travel
Hotstar,1707.55,2023-04-24,Entertainment
Big Bazaar,270.44,2023-06-18,Groceries
Uber,2071.04,2023-08-15,Travel
Ola,551.19,2022-11-25,Travel
Swiggy,503.48,2022-10-21,Dining
Indigo Airlines,90.73,2022-11-23,Travel
Coursera,1068.23,2022-10-07,Education
Mahanagar Gas,278.86,2022-10-08,Utilities
PVR Cinemas,88.51,2023-09-30,Entertainment
UPI Transfer,6.34,2022-04-15,Others
Barbeque Nation,410.21,2022-12-25,Dining
PhonePe,374.75,2022-10-05,Others
BSNL Bill,635.33,2023-08-11,Utilities
Swiggy,1104.81,2022-03-14,Dining
Indigo Airlines,41.37,2022-12-13,Travel
ATM Withdrawal,657.45,2022-02-21,Others
BESCOM,103.77,2023-04-28,Utilities
Big Bazaar,976.59,2023-01-28,Groceries
Big Bazaar,854.8,2023-03-13,Groceries
1mg,389.13,2023-12-23,Healthcare
Unacademy,619.36,2022-12-31,Education
IRCTC,188.69,2022-07-22,Travel
Paytm Recharge,318.54,2023-04-22,Others
BESCOM,861.97,2023-12-17,Utilities
Coursera,307.41,2023-04-12,Education
Air India,221.43,2023-04-27,Travel
Swiggy,340.82,2022-05-28,Dining
IRCTC,880.86,2023-02-06,Travel
BSNL Bill,204.14,2022-11-29,Utilities
Vedantu,95.44,2022-01-31,Education
BookMyShow,622.42,2022-04-26,Entertainment
Ajio,874.29,2023-04-18,Shopping
BSNL Bill,53.03,2022-12-23,Utilities
Indane Gas,137.14,2022-04-16,Utilities
Apollo Pharmacy,76.56,2022-11-30,Healthcare
Paytm Recharge,213.81,2022-11-06,Others
ATM Withdrawal,299.24,2023-02-15,Others
1mg,690.81,2023-09-28,Healthcare
Barbeque Nation,526.55,2022-06-12,Dining
Vedantu,485.02,2022-03-09,Education
Flipkart,217.22,2023-12-12,Shopping
MedPlus,920.83,2023-08-04,Healthcare
Tata CLiQ,318.65,2023-12-12,Shopping
Swiggy,1934.12,2023-11-10,Dining
Spotify,502.76,2023-05-14,Entertainment
Spotify,67.49,2023-09-03,Entertainment
BYJU'S,563.78,2023-07-23,Education
BookMyShow,196.6,2022-06-30,Entertainment
Air India,579.7,2022-03-13,Travel
Spotify,36.09,2023-01-24,Entertainment
Ajio,96.11,2023-10-23,Shopping
Big Bazaar,968.06,2022-08-11,Groceries
Indane Gas,128.85,2023-10-14,Utilities
Reliance Fresh,907.13,2023-11-08,Groceries
Water Board,163.75,2023-06-29,Utilities
Air India,514.84,2023-09-23,Travel
Udemy,592.33,2022-07-30,Education
Myntra,359.39,2023-08-07,Shopping
Air India,182.15,2022-12-19,Travel
Spotify,119.54,2022-01-09,Entertainment
ATM Withdrawal,16.88,2022-05-11,Others
Uber,181.16,2023-01-14,Travel
Paytm Recharge,529.45,2022-01-01,Others
PhonePe,1392.77,2022-04-23,Others
Uber,1024.76,2022-08-29,Travel
Fortis Hospital,726.36,2023-02-08,Healthcare
Ajio,776.64,2023-02-20,Shopping
MedPlus,546.79,2023-07-13,Healthcare
Swiggy,150.75,2023-05-02,Dining
Mahanagar Gas,1188.63,2023-07-23,Utilities
Practo,555.44,2023-03-04,Healthcare
BSNL Bill,410.99,2023-11-18,Utilities
Mahanagar Gas,58.82,2022-01-12,Utilities
PVR Cinemas,296.25,2022-05-28,Entertainment
Vedantu,308.42,2022-05-20,Education
Netflix,999.63,2023-10-20,Entertainment
MedPlus,395.54,2023-12-14,Healthcare
Fortis Hospital,239.34,2022-07-04,Healthcare
Unacademy,1881.81,2023-03-11,Education
ATM Withdrawal,58.67,2023-01-29,Others
Flipkart,274.57,2022-07-10,Shopping
Fortis Hospital,21.47,2022-01-08,Healthcare
Udemy,673.35,2023-12-31,Education
PhonePe,1250.99,2023-02-25,Others
UPI Transfer,164.28,2023-01-11,Others
Big Bazaar,977.17,2023-08-05,Groceries
BYJU'S,172.81,2022-04-26,Education
Coursera,1208.27,2022-05-26,Education
PhonePe,701.13,2023-04-22,Others
Paytm Recharge,817.14,2023-06-20,Others
Netflix,9.09,2023-04-29,Entertainment
Spotify,1645.86,2023-08-17,Entertainment
Indigo Airlines,648.54,2022-02-24,Travel
Tata CLiQ,181.74,2022-01-12,Shopping
Vedantu,884.2,2023-06-09,Education
Unacademy,165.31,2022-12-06,Education
Practo,1030.82,2022-10-29,Healthcare
Ola,59.72,2022-02-06,Travel
Indigo Airlines,608.17,2022-09-24,Travel
Spencer's,389.02,2023-08-16,Groceries
Indane Gas,50.76,2022-02-22,Utilities
Indigo Airlines,138.47,2022-01-28,Travel
Air India,6.24,2022-03-26,Travel
Indane Gas,316.28,2022-03-20,Utilities
IRCTC,179.24,2022-05-16,Travel
IRCTC,456.1,2022-09-21,Travel
Big Bazaar,176.37,2023-09-11,Groceries
Indane Gas,178.28,2022-06-04,Utilities
BYJU'S,679.72,2022-06-29,Education
Ola,24.67,2023-05-12,Travel
Indane Gas,1165.98,2022-02-03,Utilities
Amazon,956.16,2022-05-29,Shopping
Water Board,551.02,2023-02-27,Utilities
1mg,449.74,2023-11-08,Healthcare
Udemy,1114.21,2022-08-04,Education
Amazon,102.49,2023-10-20,Shopping
Uber,41.13,2022-02-23,Travel
Water Board,136.9,2023-02-13,Utilities
BYJU'S,791.35,2023-05-03,Education
Google Pay,17.64,2023-01-24,Others
MedPlus,437.1,2022-09-26,Healthcare
Indane Gas,2694.94,2023-03-22,Utilities
D-Mart,967.92,2023-04-05,Groceries
Practo,368.49,2023-06-27,Healthcare
Big Bazaar,32.88,2023-06-29,Groceries
Ajio,890.03,2023-09-18,Shopping
IRCTC,456.87,2022-10-04,Travel
Uber,61.05,2022-09-19,Travel
MedPlus,49.28,2023-11-23,Healthcare
Barbeque Nation,1201.9,2022-07-19,Dining
PhonePe,553.12,2023-11-25,Others
BSNL Bill,883.89,2023-07-15,Utilities
Big Bazaar,1055.9,2022-03-11,Groceries
Spencer's,424.05,2022-04-11,Groceries
Paytm Recharge,364.33,2023-12-03,Others
BYJU'S,281.43,2022-08-13,Education
IRCTC,190.59,2022-07-17,Travel
Big Bazaar,285.11,2023-09-27,Groceries
PVR Cinemas,743.34,2023-09-01,Entertainment
Barbeque Nation,460.56,2023-10-16,Dining
PVR Cinemas,1115.24,2022-03-30,Entertainment
Water Board,292.94,2023-11-04,Utilities
BESCOM,467.09,2023-12-14,Utilities
BSNL Bill,498.9,2022-10-29,Utilities
Coursera,447.87,2023-10-17,Education
BYJU'S,606.4,2023-03-14,Education
Myntra,135.53,2022-06-15,Shopping
Hotstar,359.09,2022-03-05,Entertainment
MedPlus,55.03,2022-12-07,Healthcare
D-Mart,242.67,2022-09-29,Groceries
Water Board,334.39,2022-03-13,Utilities
Udemy,528.1,2023-09-17,Education
1mg,1503.21,2023-10-23,Healthcare
Coursera,458.96,2022-05-28,Education
ATM Withdrawal,680.5,2022-08-12,Others
BookMyShow,352.88,2022-09-23,Entertainment
PVR Cinemas,502.7,2022-03-16,Entertainment
Spotify,36.79,2022-09-14,Entertainment
Coursera,146.78,2023-05-25,Education
BESCOM,224.59,2022-02-08,Utilities
Practo,319.8,2022-06-05,Healthcare
Ajio,23.36,2023-08-12,Shopping
Nature's Basket,75.43,2023-12-26,Groceries
Vedantu,162.04,2023-03-23,Education
Apollo Pharmacy,1779.5,2023-07-08,Healthcare
Zomato,201.25,2023-01-29,Dining
Coursera,328.93,2023-08-04,Education
PhonePe,109.14,2022-12-08,Others
Air India,471.81,2022-02-26,Travel
Hotstar,164.73,2023-07-02,Entertainment
Amazon,115.96,2023-04-16,Shopping
Ola,363.43,2022-06-30,Travel
Paytm Recharge,2.76,2023-01-29,Others
Domino's,3.85,2023-12-14,Dining
Apollo Pharmacy,123.63,2023-10-08,Healthcare
Ajio,18.71,2022-03-28,Shopping
Udemy,57.16,2022-05-24,Education
Reliance Fresh,206.9,2022-01-26,Groceries
McDonald's,811.23,2023-02-03,Dining
Spotify,424.37,2023-10-21,Entertainment
Air India,359.4,2023-07-01,Travel
Coursera,173.71,2022-02-07,Education
Amazon,1342.32,2022-12-12,Shopping
Spencer's,252.93,2022-05-02,Groceries
Barbeque Nation,45.56,2023-04-15,Dining
Google Pay,479.95,2023-08-17,Others
Zomato,60.43,2022-02-07,Dining
Water Board,211.73,2023-11-01,Utilities
Spencer's,354.04,2023-09-26,Groceries
Reliance Fresh,1036.62,2023-12-20,Groceries
BESCOM,340.16,2022-06-26,Utilities
D-Mart,605.77,2022-04-10,Groceries
Unacademy,2468.01,2022-06-24,Education
PVR Cinemas,70.49,2022-04-27,Entertainment
Unacademy,160.61,2023-09-23,Education
Zomato,250.91,2022-07-27,Dining
Practo,273.94,2023-11-26,Healthcare
Practo,264.68,2022-05-04,Healthcare
Google Pay,1190.87,2022-11-26,Others
Zomato,625.94,2023-08-31,Dining
BSNL Bill,468.13,2022-03-06,Utilities
Hotstar,185.08,2022-05-25,Entertainment
1mg,868.04,2023-12-15,Healthcare
Tata CLiQ,1551.22,2022-06-18,Shopping
Udemy,860.74,2023-08-19,Education
Reliance Fresh,0.78,2022-04-13,Groceries
1mg,505.85,2022-01-17,Healthcare
Coursera,26.24,2022-01-07,Education
Reliance Fresh,148.94,2022-04-02,Groceries
Air India,30.68,2023-12-12,Travel
Udemy,462.91,2022-07-31,Education
BSNL Bill,580.12,2023-06-20,Utilities
Vedantu,60.79,2022-09-02,Education
Indane Gas,242.12,2023-12-10,Utilities
Nature's Basket,304.62,2022-07-04,Groceries
Unacademy,230.27,2022-04-01,Education
IRCTC,64.5,2023-03-05,Travel
Nature's Basket,271.46,2022-08-30,Groceries
Zomato,695.51,2023-06-27,Dining
Spotify,36.83,2023-01-06,Entertainment
UPI Transfer,41.79,2022-08-13,Others
Udemy,219.08,2022-10-11,Education
Reliance Fresh,1421.3,2022-04-26,Groceries
Water Board,552.17,2023-05-25,Utilities
Mahanagar Gas,567.64,2023-11-18,Utilities
Big Bazaar,224.65,2023-10-23,Groceries
Myntra,450.28,2022-08-03,Shopping
Practo,5.09,2022-12-09,Healthcare
Coursera,505.43,2022-04-17,Education
Nature's Basket,1222.58,2022-06-30,Groceries
BESCOM,474.11,2023-05-12,Utilities
Paytm Recharge,1034.54,2022-03-14,Others
McDonald's,643.63,2023-08-30,Dining
Ajio,64.23,2022-07-23,Shopping
Flipkart,1163.71,2022-04-23,Shopping
Flipkart,34.38,2022-04-11,Shopping
McDonald's,381.75,2022-07-24,Dining
1mg,76.66,2022-03-17,Healthcare
Unacademy,5.89,2023-05-12,Education
Spencer's,274.12,2022-05-29,Groceries
Barbeque Nation,174.81,2023-04-11,Dining
Water Board,332.77,2023-01-18,Utilities
Water Board,430.43,2022-07-18,Utilities
Myntra,22.36,2022-07-27,Shopping
Flipkart,65.63,2022-02-02,Shopping
D-Mart,408.95,2022-05-20,Groceries
BookMyShow,210.16,2023-04-15,Entertainment
1mg,653.14,2022-12-18,Healthcare
Domino's,528.2,2023-09-11,Dining
Indane Gas,934.12,2022-06-24,Utilities
Google Pay,589.63,2022-03-30,Others
Fortis Hospital,281.0,2023-05-16,Healthcare
Barbeque Nation,558.85,2023-04-30,Dining
BYJU'S,161.05,2022-01-15,Education
1mg,182.87,2022-09-11,Healthcare
Ajio,777.91,2023-08-17,Shopping
Barbeque Nation,295.67,2022-06-02,Dining
Spencer's,800.69,2022-02-15,Groceries
Spencer's,864.17,2023-06-01,Groceries
Spencer's,974.43,2023-06-28,Groceries
MedPlus,1242.26,2023-12-15,Healthcare
BookMyShow,281.92,2023-05-23,Entertainment
Zomato,192.0,2023-07-26,Dining
Spencer's,436.37,2022-08-12,Groceries
BSNL Bill,231.95,2022-10-30,Utilities
Zomato,459.49,2022-01-17,Dining
BYJU'S,611.38,2022-06-15,Education
Unacademy,583.03,2023-08-21,Education
Spencer's,234.64,2023-04-20,Groceries
Water Board,91.28,2022-07-09,Utilities
Ajio,281.52,2023-12-22,Shopping
Big Bazaar,76.92,2023-01-30,Groceries
Tata CLiQ,1104.08,2022-02-03,Shopping
Air India,212.23,2022-10-04,Travel
UPI Transfer,83.89,2022-08-01,Others
Spotify,12.89,2022-12-10,Entertainment
Nature's Basket,518.98,2023-11-22,Groceries
Amazon,506.54,2022-04-24,Shopping
Practo,208.22,2023-04-22,Healthcare
D-Mart,37.21,2023-01-11,Groceries
Indane Gas,263.5,2023-12-23,Utilities
Spotify,186.41,2023-12-28,Entertainment
Swiggy,565.24,2022-12-09,Dining
Barbeque Nation,465.42,2022-04-27,Dining
Unacademy,226.75,2023-12-21,Education
Swiggy,122.88,2022-11-25,Dining
Myntra,2212.93,2023-05-31,Shopping
Practo,302.57,2022-02-25,Healthcare
Hotstar,582.82,2022-12-20,Entertainment
Vedantu,75.73,2023-05-29,Education
Paytm Recharge,332.37,2023-04-27,Others
UPI Transfer,13.96,2022-10-27,Others
Unacademy,352.06,2023-01-12,Education
Netflix,1662.36,2023-04-14,Entertainment
PVR Cinemas,242.42,2023-02-05,Entertainment
BSNL Bill,19.89,2022-03-20,Utilities
Netflix,15.72,2022-10-10,Entertainment
Netflix,245.5,2023-05-24,Entertainment
Mahanagar Gas,87.19,2023-06-18,Utilities
D-Mart,11.81,2023-03-03,Groceries
Google Pay,705.73,2023-05-01,Others
Ajio,306.73,2023-03-31,Shopping
D-Mart,170.71,2022-07-13,Groceries
PVR Cinemas,1151.71,2022-08-26,Entertainment
PhonePe,61.73,2023-02-26,Others
Myntra,1560.86,2023-05-13,Shopping
UPI Transfer,188.41,2023-04-01,Others
BYJU'S,1096.43,2023-08-04,Education
BSNL Bill,461.84,2022-06-25,Utilities
Ola,876.39,2023-05-11,Travel
Myntra,2067.99,2022-02-18,Shopping
BSNL Bill,170.12,2022-10-19,Utilities
Udemy,1623.84,2023-09-26,Education
Indane Gas,246.72,2022-10-20,Utilities
Mahanagar Gas,243.48,2023-12-27,Utilities
Mahanagar Gas,208.05,2022-09-01,Utilities
PVR Cinemas,389.8,2022-11-21,Entertainment
Water Board,83.7,2022-09-24,Utilities
Flipkart,403.39,2022-07-30,Shopping
Paytm Recharge,390.12,2023-11-13,Others
Myntra,717.54,2022-06-01,Shopping
Ajio,896.83,2023-07-07,Shopping
Indane Gas,290.3,2022-11-05,Utilities
PVR Cinemas,180.01,2023-02-19,Entertainment
Udemy,150.1,2023-04-15,Education
Flipkart,108.22,2022-01-05,Shopping
UPI Transfer,29.69,2022-12-06,Others
Air India,209.62,2022-10-24,Travel
Indane Gas,157.53,2023-03-29,Utilities
Amazon,1696.87,2023-05-06,Shopping
Reliance Fresh,407.89,2023-11-26,Groceries
Paytm Recharge,213.3,2022-11-12,Others
Spencer's,434.31,2023-09-25,Groceries
McDonald's,74.94,2023-01-01,Dining
Hotstar,293.53,2022-02-26,Entertainment
Barbeque Nation,492.06,2023-06-24,Dining
Domino's,335.59,2022-07-20,Dining
Big Bazaar,256.9,2023-07-06,Groceries
Coursera,2545.52,2023-06-09,Education
1mg,1061.45,2023-05-18,Healthcare
Tata CLiQ,488.29,2023-09-12,Shopping
Paytm Recharge,421.26,2023-11-14,Others
Ajio,484.66,2022-06-01,Shopping
Practo,112.39,2023-01-31,Healthcare
Amazon,251.38,2022-10-19,Shopping
Myntra,20.13,2022-11-12,Shopping
Unacademy,322.7,2022-03-31,Education
McDonald's,391.56,2023-03-02,Dining
BYJU'S,129.22,2022-06-17,Education
MedPlus,1662.52,2022-05-23,Healthcare
Netflix,1200.95,2022-08-01,Entertainment
Air India,640.32,2023-06-22,Travel
Amazon,381.13,2023-08-28,Shopping
Apollo Pharmacy,1019.99,2022-01-07,Healthcare
Practo,70.01,2023-03-01,Healthcare
Indane Gas,781.54,2023-04-19,Utilities
Mahanagar Gas,66.66,2022-07-10,Utilities
Practo,790.45,2023-07-22,Healthcare
Coursera,161.32,2022-11-06,Education
Air India,1048.15,2023-07-27,Travel
Udemy,1441.58,2022-01-28,Education
Reliance Fresh,80.55,2022-09-26,Groceries
Air India,310.58,2022-05-08,Travel
Air India,1981.33,2022-07-03,Travel
Udemy,330.25,2022-01-30,Education
Hotstar,995.89,2023-05-20,Entertainment
Spotify,444.25,2023-01-06,Entertainment
Unacademy,235.27,2023-03-23,Education
Air India,168.28,2023-12-12,Travel
Hotstar,113.59,2023-06-09,Entertainment
D-Mart,717.32,2022-06-16,Groceries
Reliance Fresh,244.32,2022-11-24,Groceries
Udemy,357.98,2023-01-01,Education
BESCOM,338.96,2022-10-07,Utilities
Ajio,430.52,2023-10-14,Shopping
Amazon,1003.38,2022-10-24,Shopping
Indigo Airlines,1974.85,2023-10-17,Travel
Spotify,261.77,2022-07-18,Entertainment
